Strategy Number,Status,Strategy Name,Contracts,Symbol,Timeframe,Strategy Type,Horizon,Other,Closed Trade MC,Folder,Notes
1,Live,"DZS2023-11 Donchian 4 week MW [@HO-360min] WF(2Y-6M,U,NPAvgDD,PMx)",1,HO,360min,Trend,Medium,,,1 - Passed Strategies,"This is a trend-following breakout system, designed to capture strong moves following a breakout from a defined range, avoiding trades during low volatility conditions. - CAT stop of 10k added after"
2,Live,"DZS2023-11 Turn-of-the-month fac MW [@TU-60min] WF(504-252,U,NPAvgDD,PMx)",9,TU,60min,Seasonal,Medium,,,1 - Passed Strategies,This is a seasonality-based strategy that capitalizes on recurring market behavior near month-end and month-start. It assumes that asset prices tend to rally towards the end of the month and potentially decline afterward. The strategy targets specific calendar-based price movements.
3,Live,"DZS2024-01 Double Inside Day Breakout MW [@SI-59min] WF(756-256,U,NPAvgDD,PMx)",1,SI,59min,-,-,,,3 - Incubation,
4,Live,"DZS2024-01 Trade the Pullback v2 MW [@JY-701min] WF(2Y-1Y,U,NPAvgDD,PMx)",3,JY,701min,Trend,Medium,,,1 - Passed Strategies,"This strategy aims to capitalize on temporary pullbacks within short-term trends, expecting price to revert to its previous direction after a brief correction. It is not a pure trend-following strategy, as it looks for counter-trend entries within a short-term price pattern."
5,Live,"DZS2024-01 Trade the Pullback v2 MW [@NG-701min] WF(2Y-1Y,U,NPAvgDD,PMx)",2,NG,701min,Trend,Medium,,,1 - Passed Strategies,"This strategy aims to capitalize on temporary pullbacks within short-term trends, expecting price to revert to its previous direction after a brief correction. It is not a pure trend-following strategy, as it looks for counter-trend entries within a short-term price pattern."
6,Live,"DZS2024-03 Breakout with Twist v2 MW [@NQ-359min+@NQ-1440min] WF(3Y-1Y,U,NPAvgDD,PMx)",0.3,NQ,359min,Trend,Medium,,,1 - Passed Strategies,"This is a breakout strategy with additional trade filtering rules to avoid poor-quality breakouts. The ADX filter ensures breakouts occur in low-trend conditions, and the monthly profit constraint prevents overtrading. The strategy waits for a breakout confirmation before entering trades, making it a structured breakout system."
7,Live,"DZS2024-03 Breakout with Twist v2 MW [@NQ-719min+@NQ-1440min] WF(3Y-1Y,U,NPAvgDD,PMx)",0.3,NQ,719min,Trend,Medium,,,1 - Passed Strategies,"This is a breakout strategy with additional trade filtering rules to avoid poor-quality breakouts. The ADX filter ensures breakouts occur in low-trend conditions, and the monthly profit constraint prevents overtrading. The strategy waits for a breakout confirmation before entering trades, making it a structured breakout system."
8,Live,"DZS2024-03 MACD Linear Reg ID MW [@ES.D-15min] WF(2Y-6M,U,NPAvgDD,PMx)",0.7,ES,15min,Trend,Intraday,,,1 - Passed Strategies,
9,Live,"DZS2024-03 Volume Reversal MW [@NQ-1440min] WF(2Y-1Y,U,NPAvgDD,PMx)",0.5,NQ,1440min,Mean Reversion,Medium,,,1 - Passed Strategies,
10,Live,"DZS2024-04 PJK Trends MW [@NQ.D-1440min] WF(2Y-6M,U,NPAvgDD,PMx)",0.3,NQ,1440min,Trend,Long,,,1 - Passed Strategies,"This is a trend-following strategy that rides market trends while managing risk through stop-loss, trailing stops, and a volatility exit filter. It is designed to hold positions as long as the trend remains intact, but it exits early if market volatility becomes unfavorable."
11,Live,"DZS2024-04 Weekend Long MW [@SI-120min+@SI-1440min] WF(3Y-2Y,U,NPAvgDD,PMx)",1,SI,120min,Seasonal,Short,,,1 - Passed Strategies,"This is a seasonality strategy that capitalizes on weekend price movements, expecting a bullish bias from Friday�s close to Sunday�s open. It avoids intra-week volatility and only holds positions over the weekend, assuming that price action follows a repeatable pattern at the week�s end."
12,Live,"DZS2024-05 Range Volume Breakout MW [@KC-63min] WF(3Y-6M,U,NPAvgDD,PMx)",1,KC,63min,-,-,,,1 - Passed Strategies,
13,Live,"DZS2024-06 Breakout Buildup Range MW [@KC-180min] WF(3Y-6M,U,NPAvgDD,PMx)",1,KC,180min,-,-,,,1 - Passed Strategies,
14,Live,"DZS2024-06 Test the Long MA MW [@AD-242min+@AD-Daily] WF(3Y-2Y,U,NPAvgDD,PMx)",4,AD,242min,Mean Reversion,Medium,,,1 - Passed Strategies,This is a mean reversion swing trading strategy that waits for retracements to key levels (moving average + ATR) after detecting swing highs and lows. It filters entries based on ATR volatility conditions and offers multiple exit mechanisms to optimize trade management.
15,Live,"DZS2024-06 Trade the VX MW [@VX-1440min+@ES-1440min] WF(3Y-1Y,U,NPAvgDD,PMx)",1,VX,1440min,Mean Reversion,Long,,,1 - Passed Strategies,"This strategy is a mean reversion system that trades the VIX (Volatility Index) based on RSI signals from the S&P 500 (Data2). The system sells VIX when the S&P 500 RSI is oversold and buys VIX when the S&P 500 RSI is overbought, assuming that volatility will revert."
16,Live,"DZS2024-06 Trade the VX MW [@VX-180min+@ES-180min] WF(3Y-2Y,U,NPAvgDD,PMx)",1,VX,180min,Mean Reversion,Long,,,1 - Passed Strategies,"This strategy is a mean reversion system that trades the VIX (Volatility Index) based on RSI signals from the S&P 500 (Data2). The system sells VIX when the S&P 500 RSI is oversold and buys VIX when the S&P 500 RSI is overbought, assuming that volatility will revert."
17,Live,"DZS2024-06 Turnaround Monday MW [@ES.D-1440min] WF(3Y-1Y,U,NPAvgDD,PMx)",0.7,ES,1440min,Bias,Medium,,,1 - Passed Strategies,"This is a bias-based strategy that targets a potential reversal on Mondays following a clear two-day directional trend. It assumes that traders adjust positions after the weekend, leading to mean reversion or continuation depending on the setup."
18,Live,"DZS2024-06 VX ES RSI MW [@VX-240min+@NQ-240min] WF(2Y-1Y,U,NPAvgDD,PMx)",1,VX,240min,Bias,-,,,1 - Passed Strategies,
19,Live,"DZS2024-07 Buy at High MW [@NQ.D-45min+@NQ.D-1440min] WF(2Y-1Y,U,NPAvgDD,PMx)",0.3,NQ,45min,Breakout,,,,1 - Passed Strategies,
20,Live,"DZS2024-07 Buy the Retracement MW [@NQ.D-30min] WF(2Y-6M,U,NPAvgDD,PMx)",0.4,NQ,30min,-,-,,,1 - Passed Strategies,
21,Live,"DZS2024-07 RSI Momentum MW [@ES.D-1440min] WF(3Y-1Y,U,NPAvgDD,PMx)",0.7,ES,1440min,Trend,Medium,,,1 - Passed Strategies,"This is a trend-following momentum strategy that enters trades based on low RSI values in strong trend conditions, as confirmed by ADX and a long-term moving average filter. The RSI-based exits and ATR-adjusted stop-loss ensure risk management and optimal trend participation."
22,Live,"DZS2024-07 Trade the Holiday MW [@GC-1440min] WF(1Y-6M,U,NPAvgDD,PMx)",1,GC,1440min,Bias,Short,,,1 - Passed Strategies,This strategy is a seasonal trading system that identifies market closure holidays and days leading up to holidays as potential bullish trading opportunities. It assumes that  holidays days exhibit predictable bullish behavior for Metals.
23,Live,"DZS2024-08 Close below Low MW [@W-1440min] WF(3Y-1Y,U,NPAvgDD,PMx)",4,W,1440min,-,-,,,1 - Passed Strategies,
24,Live,"DZS2024-08 Connors Mean Reversion MW [@NQ.D-360min+@VX-1440min] WF(3Y-1Y,U,NPAvgDD,PMx)",0.3,NQ,360min,Mean Reversion,,,,1 - Passed Strategies,
25,Live,"DZS2024-08 Turn of the Month Bond MW [@US-1440min] WF(3Y-1Y,U,NPAvgDD,PMx)",2,US,1440min,-,-,,,1 - Passed Strategies,
26,Live,"DZS2024-09 Beyond 04 Twist MW [@NQ-29min] WF(3Y-6M,U,NPAvgDD,PMx)",0.2,NQ,29min,-,-,,,3 - Incubation,
27,Live,"DZS2024-09 Breakout with Twist Exit MW [@NQ-33min] WF(3Y-2Y,U,NPAvgDD,PMx)",0.2,NQ,33min,Breakout,Short,,,1 - Passed Strategies,"This strategy is a trend-following breakout system that only trades when ADX (Average Directional Index) is low, assuming that strong moves will follow periods of low volatility.  It features clear stop-loss and profit targets, along with a breakeven condition to avoid giving back profits if the trade doesn't strongly trend.
"
28,Live,"DZS2024-09 Breakout with Twist Exit MW [@NQ-65min] WF(1Y-6M,U,NPAvgDD,PMx)",0.2,NQ,65min,Breakout,Short,,,1 - Passed Strategies,"This strategy is a trend-following breakout system that only trades when ADX (Average Directional Index) is low, assuming that strong moves will follow periods of low volatility.  It features clear stop-loss and profit targets, along with a breakeven condition to avoid giving back profits if the trade doesn't strongly trend.
"
29,Live,"DZS2024-09 Follow Monentum and Trend MW [@ES-1440min] WF(1Y-6M,U,NPAvgDD,PMx)",0.7,ES,1440min,Trend,Medium,,,1 - Passed Strategies,
30,Live,"DZS2024-09 Follow Monentum and Trend MW [@GC-1440min] WF(2Y-1Y,A,NPAvgDD,PMx)",1,GC,1440min,Trend,Medium,,,1 - Passed Strategies,
31,Live,"DZS2024-09 Yesterday Range Breakout MW [@NQ.D-1440min] WF(3Y-2Y,U,NPAvgDD,PMx)",0.3,NQ,1440min,Breakout,Short,,,1 - Passed Strategies,This strategy is a range breakout system that uses the past three days' ranges to determine a potential continuation or reversal setup. This strategy is a momentum-driven breakout system that seeks to capitalize on expanding volatility when ranges have been consistently increasing over the past three days. It assumes that a breakout from the previous day�s open price (+/- a fraction of range) will lead to a strong move.
32,Live,"DZS2024-10 Big Momentum MW [@KW-543min] WF(3Y-2Y,U,NPAvgDD,PMx)",4,KW,543min,Breakout,Medium,,,1 - Passed Strategies,The Big Momentum strategy is designed to capture strong trending moves by identifying long-term price shifts using a 100-bar regime filter. It classifies the market as bullish or bearish based on whether the current price is above or below its 100-bar closing price. The strategy looks for breakouts from recent extremes (highest high or lowest low over the past 5�period bars) and enters trades accordingly.
33,Live,"DZS2024-10 Bollinger Cross With Trend MW [@YM-987min] WF(2Y-1Y,U,NPAvgDD,PMx)",1,YM,987min,-,-,,,1 - Passed Strategies,
34,Live,"DZS2024-10 Breakout with the trend MW [@NQ.D-360min] WF(3Y-1Y,U,NPAvgDD,PMx)",0.3,NQ,360min,Trend,Medium,,,1 - Passed Strategies,"This strategy is a momentum-based trend-following breakout system that aims to capture strong directional moves by ensuring entries are aligned with the prevailing trend. The use of a rolling profit target function helps filter out unprofitable market conditions, while a trailing stop mechanism secures gains. The breakeven protection provides an additional layer of risk management."
35,Live,"DZS2024-10 Highs and Lows Pullback Long Only MW [@NQ.D-120min] WF(3Y-2Y,U,NPAvgDD,PMx)",0.3,NQ,120min,Mean Reversion,Short,,,1 - Passed Strategies,
36,Live,"DZS2024-10 Highs and Lows Pullback Long Only MW [@YM-300min] WF(3Y-6M,U,NPAvgDD,PMx)",1,YM,300min,Trend,Long,,,1 - Passed Strategies,"This strategy is a trend-following breakout approach that seeks to enter long positions during bullish conditions after a minor pullback. The combination of higher highs, higher lows, and a temporarily bearish close aims to provide a strong entry signal with a favorable risk-reward ratio. The use of ATR-based stop-loss and profit-targeting allows for dynamic risk management, making the strategy adaptable to changing market conditions. However, it may struggle in highly volatile or choppy markets where false breakouts occur frequently."
37,Live,"DZS2024-10 Three Consectutive MW [@ES-1440min] WF(3Y-6M,U,NPAvgDD,PMx)",0.7,ES,1440min,-,-,,,1 - Passed Strategies,
38,Live,"DZS2024-11 Building Blocks - Pitter Patter Pattern MW [@SI-460min] WF(4Y-6M,U,NPAvgDD,PMx)",1,SI,460min,Mean Reversion,Medium,,,1 - Passed Strategies,"This strategy is designed to capture mean-reverting price movements based on a structured pattern, making it suitable for traders looking to exploit short-term price inefficiencies. The incorporation of regime filtering enhances robustness, while adaptive exits improve risk management."
39,Live,"DZS2024-12 ArtRSI3 Long MW [@NQ-30min] WF(3Y-1Y,U,NPAvgDD,PMx)",0.3,NQ,30min,-,-,,,3 - Incubation,
40,Live,"DZS2024-12 Club DWh 01 2406 MW [@GC-241min] WF(2Y-6M,U,NPAvgDD,PMx)",1,GC,241min,-,-,,,1 - Passed Strategies,
41,Live,"DZS2024-12 Club SPat 01 2406 MW [@HO-1440min] WF(3Y-6M,U,NPAvgDD,PMx)",1,HO,1440min,-,-,,,3 - Incubation,
42,Live,"DZS2024-12 Club SPat 01 2406 MW [@NQ.D-120min] WF(4Y-6M,U,NPAvgDD,PMx)",0.3,NQ,120min,-,-,,,1 - Passed Strategies,
43,Live,"DZS2024-12 MJa Trigger MW [@GC-120min+@GC-1440min] WF(4Y-1Y,U,NPAvgDD,PMx)",1,GC,120min,-,-,,,1 - Passed Strategies,
44,Live,"DZS2024-12 Range Contraction MW [@ES.D-1440min] WF(4Y-1Y,U,NPAvgDD,PMx)",0.7,ES,1440min,-,-,,,3 - Incubation,
45,Live,"DZS2025-01 Art Six Indicators MW [@AD-690min] WF(2Y-6M,U,NPAvgDD,PMx)",4,AD,690min,-,-,,,1 - Passed Strategies,
46,Live,"DZS2025-01 Art Six Indicators MW [@SM-1440min] WF(2Y-6M,U,NPAvgDD,PMx)",4,SM,1440min,-,-,,,1 - Passed Strategies,
47,Live,"DZS2025-01 BB - OutsideBar MW [@LH-1440min] WF(3Y-1Y,U,NPAvgDD,PMx)",2,LH,1440min,-,-,,,3 - Incubation,
48,Live,"DZS2025-01 CLAY UTY_CL_DIRECTION MW [@TU-1440min+@Cl-1440min+$UTY-1440min] WF(4Y-6M,U,NPAvgDD,PMx)",9,TU,1440min,-,-,,,1 - Passed Strategies,
49,Live,"DZS2025-01 CLAY UTY_CL_DIRECTION MW [@US-1440min+@Cl-1440min+$UTY-1440min] WF(3Y-6M,U,NPAvgDD,PMx)",2,US,1440min,-,-,,,1 - Passed Strategies,
50,Live,"DZS2025-02 Highs and Lows MW [@BO-610min] WF(4Y-6M,U,NPAvgDD,PMx)",4,BO,610min,Trend,Long,,,1 - Passed Strategies,"This is a trend-following pullback strategy that combines price-structure conditions (higher highs/lows or lower highs/lows) with a short-term retracement to initiate trades. The ATR-based risk controls and rolling profit filter provide adaptive exit mechanisms and profit management. It is best suited for moderately trending markets that exhibit clear price swings. In highly choppy environments, the strategy may trigger multiple false entries before capturing a valid trend."
51,Live,"DZS2025-02 Price Ratio Indicator MW [@LC-1440min+@FC-1440min] WF(3Y-1Y,U,NPAvgDD,PMx)",2,LC,1440min,-,-,,,3 - Incubation,
52,Live,"DZS2025-02 TD Line Penetration MW [@SI-720min] WF(3Y-1Y,U,NPAvgDD,PMx)",1,SI,720min,Trend,Medium,,,1 - Passed Strategies,"This strategy applies Thomas DeMark's trendline penetration methodology to detect potential breakouts or reversals. It calculates trendlines using recent swing highs and lows, identifying buy and sell conditions when the price penetrates these lines. Additional conditions, such as price momentum and previous price structure, further validate the trade entries. Profit targets, stop-loss levels, and trailing exits are used to manage risk."
53,Live,"DZS2025-03 Badger MW [@DX-460min] WF(4Y-6M,U,NPAvgDD,PMx)",2,DX,460min,-,-,,-,3 - Incubation,
54,Live,"DZS2025-03 Badger MW [@NE1-360min] WF(4Y-16M,U,NPAvgDD,PMx)",4,NE1,360min,-,-,,-,3 - Incubation,
55,Live,"DZS2025-03 BB - MA Cross MW [@RB-900min] WF(4Y-2Y,U,NPAvgDD,PMx)",1,RB,900min,-,-,,-,3 - Incubation,
56,Live,"DZS2025-03 BB - New High with Consecutive Highs MW [@CL-690min] WF(3Y-1Y,U,NPAvgDD,PMx)",1,CL,690min,-,-,,-,3 - Incubation,
57,Live,"DZS2025-03 BB - New High with Consecutive Highs MW [@RB-690min] WF(4Y-6M,U,NPAvgDD,PMx)",1,RB,690min,-,-,,-,3 - Incubation,
58,Live,"DZS2025-03 BB - Volatility Breakout MW [@NQ.D-240min] WF(3Y-1Y,U,NPAvgDD,PMx)",0.3,NQ,240min,-,-,,-,3 - Incubation,
59,Live,"DZS2025-03 BB - Volatility Breakout MW [@SI-460min] WF(4Y-1Y,U,NPAvgDD,PMx)",1,SI,460min,-,-,,-,3 - Incubation,
60,Live,"DZS2025-03 BB RSI Trigger MW [@RTY-900min] WF(4Y-1Y,U,NPAvgDD,PMx)",2,RTY,900min,-,-,,-,3 - Incubation,
61,Live,"DZS2025-03 Breakout with DailyFilter MW [@NG-161min] WF(3Y-1Y,U,NPAvgDD,PMx)",2,NG,161min,-,-,,-,3 - Incubation,
62,Live,"DZS2025-03 Breakout with DailyFilter MW [@NQ-161min] WF(4Y-16M,U,NPAvgDD,PMx)",0.3,NQ,161min,-,-,,-,3 - Incubation,
63,Live,"DZS2025-03 Breakout with Twist Exit MW [@NG-99min] WF(4Y-2Y,U,NPAvgDD,PMx)",1,NG,99min,-,-,,-,3 - Incubation,
64,Live,"DZS2025-03 Club 2022-10 MKA MW [@PL-842min] WF(2Y-6M,U,NPAvgDD,PMx)",2,PL,842min,-,-,,-,3 - Incubation,
65,Live,"DZS2025-03 Club 2022-10 TVo MW [@C-1440min+@C-Weekly] WF(14M-4M,U,NPAvgDD,PMx)",3,C,1440min,-,-,,-,1 - Passed Strategies,
66,Live,"DZS2025-03 Club 2023-04 Rpo MW [@LH-1440min] WF(3Y-1Y,U,NPAvgDD,PMx)",2,LH,1440min,-,-,,-,3 - Incubation,
67,Live,"DZS2025-03 High-low Turning Points MW [@LC-1440min] WF(4Y-6M,U,NPAvgDD,PMx)",2,LC,1440min,-,-,,-,3 - Incubation,
68,Live,"DZS2025-03 Long term Mom Mean Revert MW [@RB-900min] WF(4Y-1Y,U,NPAvgDD,PMx)",1,RB,900min,-,-,,-,3 - Incubation,
69,Live,"DZS2025-03 Nat Gas EOM Short MW [@NG-1440min] WF(3Y-1Y,U,NPAvgDD,PMx)",2,NG,1440min,-,-,,-,3 - Incubation,
70,Live,"DZS2025-04 BB - Low Vol Break MW [@PL-900min] WF(4Y-2Y,U,NPAvgDD,PMx)",2,PL,900min,-,-,,-,1 - Passed Strategies,
71,Live,"DZS2025-04 BB - Pitter Pattern 2 MW [@JY-360min] WF(4Y-2Y,U,NPAvgDD,PMx)",3,JY,360min,-,-,,-,1 - Passed Strategies,
72,Live,"DZS2025-04 BB - Pitter Pattern 2 MW [@US-300min] WF(4Y-2Y,U,NPAvgDD,PMx)",2,US,300min,-,-,,-,1 - Passed Strategies,
73,Live,"DZS2025-04 BB - Quick Pullback Pattern MW [@PL-460min] WF(4Y-6M,U,NPAvgDD,PMx)",2,PL,460min,-,-,,-,1 - Passed Strategies,
74,Live,"DZS2025-04 BB - Quick Pullback Pattern MW [@W-900min] WF(4Y-6M,U,NPAvgDD,PMx)",4,W,900min,-,-,,-,3 - Incubation,
75,Live,"DZS2025-04 Club 2022-10 Ded MW [@S-1440min] WF(4Y-16M,U,NPAvgDD,PMx)",2,S,1440min,-,-,,-,1 - Passed Strategies,
76,Live,"DZS2025-04 Club 2022-10 RVi MW [@LH-1440min] WF(4Y-1Y,U,NPAvgDD,PMx)",2,LH,1440min,-,-,,-,3 - Incubation,
77,Live,"DZS2025-04 Club 2023-04 FMa MW [@CL-1440min] WF(3Y-6M,U,NPAvgDD,PMx)",1,CL,1440min,-,-,,-,3 - Incubation,
78,Live,"DZS2025-04 Club 2023-04 JDe MW [@RR-1440min] WF(4Y-1Y,U,NPAvgDD,PMx)",2,RR,1440min,-,-,,-,3 - Incubation,
79,Live,"DZS2025-04 Club 2023-11 PTr MW [@KC-242min] WF(3Y-8M,U,NPAvgDD,PMx)",1,KC,242min,-,-,,-,3 - Incubation,
80,Live,"DZS2025-05 EngulfingPro MW [@ES-1000min] WF(4Y-11M,U,NPAvgDD,PMx)",0.7,ES,1000min,-,-,-,-,3 - Incubation,
81,Live,"DZS2025-05 PivotX MW [@O-1440min] WF(3Y-8M,U,NPAvgDD,PMx)",3,O,1440min,-,-,-,-,3 - Incubation,
82,Live,"DZS2025-06 Daily Breakout Long Only MW [@ES.D-60min+@US-1440min] WF(3Y-8M,U,NPAvgDD,PMx)",0.7,ES,60min,-,-,-,-,3 - Incubation,
83,Live,"DZS2025-06 Peak Venon MW [@SI-900min] WF(3Y-5M,U,NPAvgDD,PMx)",1,SI,900min,-,-,-,-,3 - Incubation,
84,Live,"DZS2025-07 BB - Olympus MW [@ES-1259min] WF(3Y-8M,U,NPAvgDD,PMx)",0.7,ES,1259min,-,-,-,-,3 - Incubation,
85,Live,"DZS2025-08 PivotRSI_BreakoutATR MW [@CC-60min] WF(4Y-16M,U,NPAvgDD,PMx)",1,CC,60min,-,-,-,-,3 - Incubation,
86,Live,"DZS2025-08 SpikeCounterTrend MW [@AD-600min] WF(3Y-1Y,U,NPAvgDD,PMx)",4,AD,600min,-,-,-,-,3 - Incubation,
87,Live,"DZS2025-08 Vol Pivot MW [@HG-360min] WF(3Y-1Y,U,NPAvgDD,PMx)",1,HG,360min,-,-,-,-,3 - Incubation,
88,Live,"DZS2025-08 Vol Pivot MW [@RTY-1440min] WF(2Y-8M,U,NPAvgDD,PMx)",2,RTY,1440min,-,-,-,-,3 - Incubation,
89,Live,"KJD2014-11 Chandelier 04 AH Gold MW [@GC-120min] WF(252-126,U,NP,PMx)",1,GC,120min,,,,,1 - Passed Strategies,
90,Live,"KJD2021-04 Beyond 01 Base MW [@CL-60min] WF(252-126,U,NP,PMx)",1,CL,60min,Trend,Short,,,1 - Passed Strategies,"This strategy is a trend-following breakout system applied to Crude Oil futures (@CL, 60-minute bars). It filters entries using the Average Directional Index (ADX) to identify low-volatility conditions, then enters trades when price crosses above or below an ATR-based Chandelier Exit. The system also includes a profit trailing stop that exits trades when the open profit exceeds a predefined threshold."
91,Passed,"DZS2024-01 Breakout with LastSess Filter V2 MW [@JY-719min] WF(756-126,U,NPAvgDD,PMx)",2,JY,719min,Breakout,Medium,,,1 - Passed Strategies,This strategy is a breakout trading system that takes positions based on whether the market opens higher or lower relative to the previous session. It waits for a session breakout and enters trades when the price exceeds recent highs or lows.
92,Passed,"DZS2024-01 Trade the Pullback v2 MW [@NE1-701min] WF(3Y-2Y,U,NPAvgDD,PMx)",4,NE1,701min,Trend,-,,,1 - Passed Strategies,"This strategy identifies pullbacks in an existing trend and enters trades when price temporarily retraces before resuming in the original trend direction. It checks for a four-bar pullback sequence and ensures that the current bar closes against the trend while volume is above its 5-period average. Trades are executed with stop orders, and risk management includes stop-loss levels and a profit-taking factor."
93,Passed,"DZS2024-02 52 Book Entry 10 v3 MW [@HO-179min] WF(2Y-6M,U,NPAvgDD,PMx)",1,HO,179min,Bias,Short,,,1 - Passed Strategies,"This is a bias-based strategy that assumes certain days of the week have a directional price tendency. It waits for confirmation of short-term momentum before placing trades, but ultimately follows a fixed day-based exit rule rather than trend-following behavior."
94,Passed,"DZS2024-02 Simple Breakout with Filter MW [@PL-61min] WF(3Y-6M,U,NPAvgDD,PMx)",1,PL,61min,Breakout,Medium,,,1 - Passed Strategies,"This is a breakout strategy that waits for confirmation of a price expansion while filtering out weak signals using CCI and ADX. It only enters when the market is not already in a strong trend (low ADX), making it a more selective breakout system compared to traditional Donchian or momentum-based approaches."
95,Passed,"DZS2024-02 Superman by Roman W [@RB-719min] WF(3Y-1Y,U,NPAvgDD,PMx)",1,RB,719min,Breakout,Medium,,,1 - Passed Strategies,"This is a breakout strategy that uses market momentum and short-term price movements to enter trades at key breakpoints. The system waits for extreme market strength/weakness before initiating a trade, ensuring that it only participates in high-momentum conditions."
96,Passed,"DZS2024-02 Turn of the Month NG MW [@NG-1440min] WF(3Y-1Y,U,NPAvgDD,PMx)",1,NG,1440min,Bias,Short,,,1 - Passed Strategies,"This strategy capitalizes on a turn-of-the-month effect, a well-known market anomaly where equities and commodities often show increased buying pressure around the end and beginning of a month. The strategy enters a short position when a specified number of days remain before the end of the month (EOM) and exits when a certain number of days have passed from the beginning of the month (BOM), ensuring trades are aligned with historical patterns of market movement around the month transition."
97,Passed,"DZS2024-03 2barNR and ORB - E1 MW [@HG-15min+@HG-1440min] WF(2Y-1Y,U,NPAvgDD,PMx)",1,HG,15min,-,-,,,1 - Passed Strategies,
98,Passed,"DZS2024-03 Volume Reversal Intraday Bars MW [@NQ-180min] WF(3Y-1Y,U,NPAvgDD,PMx)",0.3,NQ,180min,Mean Reversion,Short,,,1 - Passed Strategies,"This is a mean reversion strategy that looks for sharp volume spikes at overbought or oversold conditions, anticipating a reversal. The stochastic filter ensures that trades are taken at extreme market conditions, and the ATR-based price filter ensures that a trade is only entered after a significant price deviation. The strategy aims to capture short-term reversals before exiting within a few bars.






"
99,Passed,"DZS2024-03 Volume Reversal Intraday Bars MW [@RB-300min] WF(3Y-6M,U,NPAvgDD,PMx)",1,RB,300min,Mean Reversion,Short,,,1 - Passed Strategies,"This is a mean reversion strategy that looks for sharp volume spikes at overbought or oversold conditions, anticipating a reversal. The stochastic filter ensures that trades are taken at extreme market conditions, and the ATR-based price filter ensures that a trade is only entered after a significant price deviation. The strategy aims to capture short-term reversals before exiting within a few bars.






"
100,Passed,"DZS2024-05 100MA Daily Rejection Breakout MW [@PL-240min] WF(3Y-2Y,U,NPAvgDD,PMx)",2,PL,240min,Breakout,,,,1 - Passed Strategies,
101,Passed,"DZS2024-05 Index AD Divergance MW [@ES.D-360min+$%10DMAAUS-360min] WF(3Y-2Y,U,NPAvgDD,PMx)",1,ES,360min,-,-,,,1 - Passed Strategies,
102,Passed,"DZS2024-05 Index AD Divergance MW [@NQ-240min+$%50DMAAND-240min] WF(2Y-6M,U,NPAvgDD,PMx)",0.4,NQ,240min,-,-,,,1 - Passed Strategies,
103,Passed,"DZS2024-05 Index AD Percentage Divergance MW [@ES-180min+$%10DMAAUS-180min] WF(2Y-6M,U,NPAvgDD,PMx)",1,ES,180min,-,-,,,3 - Incubation,
104,Passed,"DZS2024-06 Stoc MACD-V Filter MW [@NQ-1440min] WF(2Y-1Y,U,NPAvgDD,PMx)",0.4,NQ,1440min,-,-,,,1 - Passed Strategies,
105,Passed,"DZS2024-06 Test the Long MA MW [@NG-182min+@NG-Daily] WF(2Y-6M,U,NPAvgDD,PMx)",1,NG,182min,-,-,,,1 - Passed Strategies,
106,Passed,"DZS2024-06 Test the Long MA MW [@NQ-28min+@NQ-Daily] WF(3Y-1Y,U,NPAvgDD,PMx)",0.4,NQ,28min,-,-,,,1 - Passed Strategies,
107,Passed,"DZS2024-06 Trade the VX MW [@VX-120min+@ES-120min] WF(3Y-1Y,U,NPAvgDD,PMx)",1,VX,120min,Mean Reversion,Long,,,1 - Passed Strategies,"This strategy is a mean reversion system that trades the VIX (Volatility Index) based on RSI signals from the S&P 500 (Data2). The system sells VIX when the S&P 500 RSI is oversold and buys VIX when the S&P 500 RSI is overbought, assuming that volatility will revert."
108,Passed,"DZS2024-06 Trade the VX MW [@VX-240min+@NQ-240min] WF(2Y-1Y,U,NPAvgDD,PMx)",1,VX,240min,-,-,,,1 - Passed Strategies,
109,Passed,"DZS2024-06 Trade the VX MW [@VX-Daily+@NQ-Daily] WF(3Y-1Y,U,NPAvgDD,PMx)",1,VX,Daily,-,-,,,3 - Incubation,
110,Passed,"DZS2024-06 VX ES RSI MW [@VX-240min+@ES-240min] WF(3Y-2Y,U,NPAvgDD,PMx)",1,VX,240min,Mean Reversion,Medium,,,1 - Passed Strategies,"This is a mean reversion strategy on the VIX, using RSI signals from the S&P 500 to identify extreme fear (VIX spike) or complacency (VIX drop). The assumption is that volatility mean-reverts after extreme market conditions, and profit-taking occurs once a pre-defined threshold is met."
111,Passed,"DZS2024-06 VX ES RSI MW [@VX-240min+@YM-240min] WF(3Y-2Y,U,NPAvgDD,PMx)",1,VX,240min,Bias,Medium,,,1 - Passed Strategies,"This is a mean reversion strategy on the VIX, using RSI signals from the Dow Jones to identify extreme fear (VIX spike) or complacency (VIX drop). The strategy exits based on a volatility-adjusted ATR stop-loss and profit target, allowing for adaptive risk management depending on market conditions.






"
112,Passed,"DZS2024-07 Lunatic MW [@ES.D-1440min] WF(3Y-1Y,U,NPAvgDD,PMx)",0.7,ES,1440min,-,-,,,1 - Passed Strategies,
113,Passed,"DZS2024-07 RSI Momentum MW [@FESX-1440min] WF(3Y-5M,U,NPAvgDD,PMx)",1,FESX,1440min,-,-,,-,1 - Passed Strategies,
114,Passed,"DZS2024-07 Trade the Holiday MW [@PL-1440min] WF(2Y-6M,U,NPAvgDD,PMx)",1,PL,1440min,Bias,Short,,,1 - Passed Strategies,This strategy is a seasonal trading system that identifies market closure holidays and days leading up to holidays as potential bullish trading opportunities. It assumes that  holidays days exhibit predictable bullish behavior for Metals.
115,Passed,"DZS2024-07 Trade the Holiday MW [@SI-1440min] WF(1Y-6M,U,NPAvgDD,PMx)",1,SI,1440min,Bias,Short,,,1 - Passed Strategies,This strategy is a seasonal trading system that identifies market closure holidays and days leading up to holidays as potential bullish trading opportunities. It assumes that  holidays days exhibit predictable bullish behavior for Metals.
116,Passed,"DZS2024-08 Breakout with Twist MW [@ES-719min] WF(2Y-6M,U,NPAvgDD,PMx)",1,ES,719min,Breakout,,,,1 - Passed Strategies,
117,Passed,"DZS2024-08 Breakout with Twist MW [@NQ.D-30min] WF(3Y-6M,U,NPAvgDD,PMx)",0.3,NQ,30min,Breakout,Short,,,1 - Passed Strategies,"This strategy is a volatility-based breakout trading system that enters trades when ADX (Average Directional Index) is low, assuming that a strong move is imminent. The entry mechanism is price-based (high/low breakouts), while the exit uses a mix of stop-loss, profit targets, and volatility-based exits.
"
118,Passed,"DZS2024-08 Buy High Sell Low MW [@NQ-15min] WF(3Y-6M,U,NPAvgDD,PMx)",0.4,NQ,15min,-,-,,,1 - Passed Strategies,
119,Passed,"DZS2024-09 Breakout v4 MW [@ES-15min+@ES-1440min] WF(3Y-6M,A,NPAvgDD,PMx)",1,ES,15min,Breakout,,,,1 - Passed Strategies,
120,Passed,"DZS2024-09 Breakout v4 MW [@YM-15min+@YM-1440min] WF(3Y-1Y,A,NPAvgDD,PMx)",1,YM,15min,-,-,,,3 - Incubation,
121,Passed,"DZS2024-09 Breakout v9 MW [@NQ-15min+@NQ-360min] WF(2Y-6M,U,NPAvgDD,PMx)",0.4,NQ,15min,-,-,,,1 - Passed Strategies,
122,Passed,"DZS2024-09 Index Long Monday MW [@ES-Daily] WF(2Y-6M,U,NPAvgDD,PMx)",1,ES,Daily,Trend,Short,,,1 - Passed Strategies,
123,Passed,"DZS2024-10 Bollinger Cross Against Trend MW [@JY-377min] WF(3Y-1Y,U,NPAvgDD,PMx)",4,JY,377min,Mean Reversion,Medium,,,1 - Passed Strategies,"This strategy aims to profit from price reversals after extreme movements. By entering against strong trends when price deviates significantly from its mean, it attempts to capture price retracements. However, it may struggle in strong trending markets, where price can continue beyond Bollinger Band extremes without reverting. It is best suited for range-bound markets or assets that exhibit cyclical mean-reverting behavior, such as equities or certain currency pairs."
124,Passed,"DZS2024-10 GB VX 1440 MW [@VX-1440min] WF(3Y-1Y,U,NPAvgDD,PMx)",1,VX,1440min,-,-,,,1 - Passed Strategies,
125,Passed,"DZS2024-10 HHs and HLs (shortbias) MW [@VX-1440min] WF(3Y-6M,U,NPAvgDD,PMx)",1,VX,1440min,,,,,1 - Passed Strategies,
126,Passed,"DZS2024-10 Highs and Lows Reverse S&L MW [@NE1-233min] WF(3Y-6M,U,NPAvgDD,PMx)",4,NE1,233min,Trend,Long,,,1 - Passed Strategies,"This strategy combines trend-following and breakout elements with an adaptive risk management approach. By ensuring a pullback before taking a position, it aims to avoid entering trades at the peak of a move, thereby increasing the probability of capturing extended trends. The ATR-based stop-loss and profit target adjustments make the system more resilient to changing market conditions. However, it may struggle in highly choppy or range-bound markets where trend patterns do not fully develop. "
127,Passed,"DZS2024-11 BB - Range Expansion MW [@CD-900min] WF(4Y-1Y,U,NPAvgDD,PMx)",3,CD,900min,-,-,,,3 - Incubation,
128,Passed,"DZS2024-11 BigMo113 MW [@FV-1440min] WF(3Y-6M,U,NPAvgDD,PMx)",5,FV,1440min,Trend,Long,,,1 - Passed Strategies,"This strategy follows a trend-following breakout methodology while incorporating a monthly risk management system. It identifies bullish and bearish regimes based on a final bull/bear regime classification and enters trades when specific ADX and price conditions align with the trend. A monthly equity-based filter prevents trading after significant profit accumulation. Additionally, the strategy includes multiple risk management layers such as an ATR-based stop-loss, a catastrophic stop, and a trailing exit based on a percentage of maximum profit."
129,Passed,"DZS2024-11 Building Blocks - Pattern MW [@PL-460min] WF(4Y-2Y,U,NPAvgDD,PMx)",2,PL,460min,-,-,,,5 - Misc,
130,Passed,"DZS2024-11 Building Blocks - Pitter Patter Pattern MW [@PL-460min] WF(3Y-1Y,U,NPAvgDD,PMx)",2,PL,460min,Mean Reversion,Medium,,,1 - Passed Strategies,"This strategy is designed to capture mean-reverting price movements based on a structured pattern, making it suitable for traders looking to exploit short-term price inefficiencies. The incorporation of regime filtering enhances robustness, while adaptive exits improve risk management."
131,Passed,"DZS2024-11 Building Blocks - RSILG MW [@PL-1440min] WF(4Y-6M,U,NPAvgDD,PMx)",1,PL,1440min,Mean Reversion,Long,,,1 - Passed Strategies,"This strategy is designed for mean reversion trading, capitalizing on price pullbacks in markets that exhibit cyclical overbought and oversold conditions. The RSILG indicator provides an enhanced approach to RSI-based trading, reducing noise while improving trend recognition. The inclusion of regime filtering helps align trades with the prevailing macro-trend. This strategy works well in range-bound or mean-reverting markets but may struggle during sustained trends unless filtered appropriately."
132,Passed,"DZS2024-12 BB - Pitter Pattern 2 MW [@SF-360min] WF(4Y-1Y,U,NPAvgDD,PMx)",2,SF,360min,Mean Reversion,Medium,,,1 - Passed Strategies,"The Pitter Pattern 2 strategy is a reversal system that relies on price structure and pattern recognition rather than traditional indicators. By analyzing specific price formations, it seeks to capture momentum shifts efficiently. The use of ATR-based stops and profit targets ensures adaptability to market volatility. This strategy is particularly useful in range-bound and mean-reverting environments."
133,Passed,"DZS2024-12 CandleBar Breakout MW [@BO-300min] WF(3Y-1Y,U,NPAvgDD,PMx)",4,BO,300min,-,-,,,1 - Passed Strategies,
134,Passed,"DZS2024-12 Club DOM 01 2406 MW [@CL-120min] WF(3Y-1Y,U,NPAvgDD,PMx)",1,CL,120min,Breakout,Short,,,1 - Passed Strategies,This strategy is a volatility breakout system that enters trades when the market has low directional movement (low ADX) and is primed for a breakout. It incorporates an ATR-based trailing stop mechanism that locks in profits at different profit milestones while using a fixed stop-loss.
135,Passed,"DZS2024-12 Club DWh 01 2406 MW [@GC-220min] WF(3Y-1Y,U,NPAvgDD,PMx)",1,GC,220min,-,-,,,1 - Passed Strategies,
136,Passed,"DZS2024-12 Club SPat 01 2406 MW [@NQ.D-1440min] WF(4Y-6M,U,NPAvgDD,PMx)",0.4,NQ,1440min,-,-,,,1 - Passed Strategies,
137,Passed,"DZS2024-12 Club SPat 01 2406 MW [@NQ-1440min] WF(4Y-2Y,U,NPAvgDD,PMx)",0.4,NQ,1440min,-,-,,,3 - Incubation,
138,Passed,"DZS2024-12 Club SPat 01 2406 MW [@NQ-900min] WF(2Y-6M,U,NPAvgDD,PMx)",0.4,NQ,900min,-,-,,,1 - Passed Strategies,
139,Passed,"DZS2025-01 Art Six Indicators MW [@RTY-690min] WF(4Y-1Y,U,NPAvgDD,PMx)",1,RTY,690min,-,-,,,3 - Incubation,
140,Passed,"DZS2025-02 BB - 2 Period RSI MW [@NG-Daily] WF(3Y-1Y,U,NPAvgDD,PMx)",1,NG,Daily,-,-,,-,3 - Incubation,
141,Passed,"DZS2025-02 BB - Sum 2 Period RSI MW [@CD-Daily] WF(4Y-2Y,U,NPAvgDD,PMx)",3,CD,Daily,-,-,,-,3 - Incubation,
142,Passed,"DZS2025-02 ID Entry 34 MW [@NQ-60min+@NQ-180min] WF(3Y-1Y,U,NPAvgDD,PMx)",1,NQ,60min,-,-,,-,3 - Incubation,
143,Passed,"DZS2025-02 UTY CounterTrend MW [@US-300min+$XUTY-300min] WF(4Y-1Y,U,NPAvgDD,PMx)",2,US,300min,-,-,,,3 - Incubation,
144,Passed,"DZS2025-03 BB - New High with Consecutive Highs MW [@SI-360min] WF(3Y-1Y,U,NPAvgDD,PMx)",1,SI,360min,-,-,,-,3 - Incubation,
145,Passed,"DZS2025-03 Breakout with DailyFilter MW [@NQ-42min] WF(3Y-1Y,U,NPAvgDD,PMx)",1,NQ,42min,-,-,,-,3 - Incubation,
146,Passed,"DZS2025-03 Club 2023-04 Rpo MW [@NQ-1440min] WF(3Y-1Y,U,NPAvgDD,PMx)",1,NQ,1440min,-,-,,-,3 - Incubation,
147,Passed,"DZS2025-04 BB - Pitter Pattern 2 MW [@SF-360min] WF(4Y-1Y,U,NPAvgDD,PMx)",3,SF,360min,-,-,,-,3 - Incubation,
148,Passed,"DZS2025-04 BB - Quick Pullback Pattern MW [@ES.D-240min] WF(4Y-6M,U,NPAvgDD,PMx)",1,ES,240min,-,-,,-,1 - Passed Strategies,
149,Passed,"DZS2025-04 BB - Quick Pullback Pattern MW [@NQ.D-240min] WF(4Y-6M,U,NPAvgDD,PMx)",1,NQ,240min,-,-,,-,1 - Passed Strategies,
150,Passed,"DZS2025-04 Breakout with Twist Exit MW [@NG-30min] WF(3Y-1Y,U,NPAvgDD,PMx)",1,NG,30min,-,-,,-,1 - Passed Strategies,
151,Passed,"DZS2025-04 Breakout with Twist Exit MW [@NQ-55min] WF(3Y-6M,U,NPAvgDD,PMx)",0.2,NQ,55min,-,-,,-,1 - Passed Strategies,
152,Passed,"DZS2025-04 Club 2024-10 GBa MW [@RR-1440min] WF(3Y-1Y,U,NPAvgDD,PMx)",2,RR,1440min,-,-,,-,3 - Incubation,
153,Passed,"DZS2025-05 EngulfingPro MW [@NQ-1000min] WF(3Y-1Y,U,NPAvgDD,PMx)",0.2,NQ,1000min,-,-,-,-,3 - Incubation,
154,Passed,"DZS2025-06 ATR Breakout Trend (Long Bias) MW [@ES.D-90min+@ES.D-1440min+@US-1440min] WF(4Y-6M,U,NPAvgDD,PMx)",1,ES,90min,-,-,-,-,3 - Incubation,
155,Passed,"DZS2025-06 Daily Breakout Long Only MW [@NQ.D-20min+@US-1440min] WF(2Y-5M,U,NPAvgDD,PMx)",1,NQ,20min,-,-,-,-,3 - Incubation,
156,Passed,"DZS2025-07 ExpandContract MW [@EC-900min] WF(2Y-3M,U,NPAvgDD,PMx)",1,EC,900min,-,-,-,-,3 - Incubation,
157,Passed,"DZS2025-09 ATRRangeTrap MW [@CL-240min] WF(3Y-1Y,U,NPAvgDD,PMx)",1,CL,240min,-,-,-,-,3 - Incubation,
158,Passed,"KJD2016-08 MultiC PP06RH BP MW [@BP-360min] WF(504-126,U,NP,PMx)",4,BP,360min,,,,,1 - Passed Strategies,
159,Passed,"KJD2018-01 MondayCrude 01 MW [@CL-30min] WF(1Y-6M,U,NPAvgDD,PMx)",1,CL,30min,-,-,,,1 - Passed Strategies,
160,Passed,"KJD2019-02 Club CJ 01 MW [@LC-359min] WF(504-252,U,NPAvgDD,PMx)",1,LC,359min,,,,,1 - Passed Strategies,
161,Passed,"KJD2019-12 Workshop NQ MW [@NQ.D-5min+@NQ.D-Daily] WF(2Y-1Y,U,NPAvgDD,PMx)",0.3,NQ,5min,Mean Reversion,Short,,,1 - Passed Strategies,"This strategy combines RSI-based mean reversion with a market open price bias to detect intraday trading opportunities on the Nasdaq 100 futures (@NQ.D). It enters trades based on a combination of relative strength index (RSI) levels, price action compared to the open price, and confirmation from a higher timeframe daily close. The strategy monitors trades throughout the session and enforces exits based on profit, stop loss, or time-based rules."
162,Passed,"KJD2021-04 Beyond 04 MW [@S-30min] WF(252-63,U,NP,PMx)",3,S,30min,-,-,,,1 - Passed Strategies,
163,Passed,"KJD2021-09 StocStrat 01 Base MW [@KW-Daily] WF(504-252,U,NP,PMx)",4,KW,Daily,,,,,1 - Passed Strategies,
164,Passed,"KJD2021-09 StocStrat 02 MW [@S-1440min] WF(504-252,U,NP,PMx)",3,S,1440min,-,-,,,1 - Passed Strategies,
165,Passed,"KJD2022-05 Free Crude Strategy MW [@CL-Daily] WF(756-252,A,NPAvgDD,PMx)",1,CL,Daily,Trend,,,,1 - Passed Strategies,
166,Passed,"KJD2023-10 Midde of Week MW [@ES-60min] WF(504-252,U,NP,PMx)",1,ES,60min,,,,,1 - Passed Strategies,
167,Passed,"KJD2024-01 Dogi Signal MW [@MP1-59min] WF(256-126,U,NPAvgDD,PMx)",5,MP1,59min,Mean Reversion,Long,,,1 - Passed Strategies,"This strategy identifies Morning Doji Star and Evening Doji Star candlestick patterns to signal potential market reversals. The Morning Doji Star suggests a bullish reversal, triggering a buy order, while the Evening Doji Star suggests a bearish reversal, triggering a sell short order. The strategy uses a profit target and stop-loss mechanism, closing trades when a predefined profit threshold (profitt = 1500) is reached or a large stop-loss (largeSL = 500) is hit.
"
168,Passed (ORT),"DZS2023-09 Breakout with Twist MW [@NG-240min] WF(756-504,U,NPAvgDD,PMx)",1,NG,240min,-,-,,,1 - Passed Strategies,
169,Passed (ORT),"DZS2023-09 Breakout with Twist MW [@NQ-125min] WF(504-252,U,NPAvgDD,PMx)",0.4,NQ,125min,-,-,,,1 - Passed Strategies,
170,Passed (ORT),"DZS2023-09 Breakout with Twist MW [@NQ-65min] WF(756-252,U,NPAvgDD,PMx)",0.4,NQ,65min,-,-,,,1 - Passed Strategies,
171,Passed (ORT),"DZS2023-09 Breakout with Twist MW [@NQ-Daily] WF(756-252,U,NPAvgDD,PMx)",0.4,NQ,Daily,-,-,,,1 - Passed Strategies,
172,Passed (ORT),"DZS2024-04 KJD Entry 34 MW [@GC-239min] WF(3Y-1Y,U,NPAvgDD,PMx)",1,GC,239min,-,-,,,1 - Passed Strategies,EOD exit on the a big bar - test 5 min bars for exit  and needs a stop
173,Passed (ORT),"DZS2024-10 GB2024-10 Vix MW [@VX-268min] WF(3Y-1Y,U,NPAvgDD,PMx)",1,VX,268min,-,-,,,1 - Passed Strategies,No Stop Loss
174,Passed (ORT),"KJD2021-04 Beyond 05 Base MW [@NG-Daily] WF(252-126,U,NP,PMx)",1,NG,Daily,Mean Reversion,Medium,,,1 - Passed Strategies,"This strategy is a mean-reversion trading system applied to Natural Gas futures (@NG, Daily timeframe). It aims to buy when the market is oversold and sell when the market is overbought, using RSI and price momentum conditions. It identifies overextended conditions using the ratio of current close to prior closes over a specified period and filters trades using an asymmetric RSI threshold. Exits are determined by the moving average of closing prices, signaling when the trade should be closed.
"
175,Passed (ORT),"KJD2021-05 Final 042ID SI 362 MW [@SI-362min] WF(504-126,U,NP,PMx)",1,SI,362min,-,-,,,3 - Incubation,
176,Passed (ORT),"KJD2023-04 NewBigMo 004R ES237-2-2 MW [@ES.D-237min] WF(756-504,U,NPAvgDD,PMx)",1,ES,237min,-,-,,,2 - Passed (Not Trading),
177,Passed (ORT),"KJD2023-04 NewBigMo 006R-KW-722-2-2 MW [@KW-722min] WF(756-126,U,NPAvgDD,PMx)",4,KW,722min,-,-,,,2 - Passed (Not Trading),
178,Passed (ORT),"KJD2023-09 3&3 Strategy MW [@ES-Daily] WF(504-252,U,NPMaxDD,PMx)",1,ES,Daily,-,-,,,2 - Passed (Not Trading),
179,Incubation,"DZS2024-02 Simple Breakout with Filter MW [@LH-59min] WF(3Y-2Y,U,NPAvgDD,PMx)",3,LH,59min,-,-,,,3 - Incubation,
180,Incubation,"DZS2024-06 Breakout Buildup Range MW [@S-240min] WF(3Y-6M,U,NPAvgDD,PMx)",3,S,240min,-,-,,,3 - Incubation,
181,Incubation,"DZS2024-06 Turnaround Monday MW [@FDXM-360min] WF(2Y-3M,U,NPAvgDD,PMx)",1,FDXM,360min,-,-,,-,3 - Incubation,
182,Incubation,"DZS2024-06 VX ES RSI MW [@VX-120min+@ES-120min] WF(3Y-1Y,U,NPAvgDD,PMx)",1,VX,120min,-,-,,,3 - Incubation,
183,Incubation,"DZS2024-07 Turtle Strategy MW [@HO-360min] WF(2Y-1Y,U,NPAvgDD,PMx)",1,HO,360min,-,-,,,3 - Incubation,
184,Incubation,"DZS2024-10 Multi Close Strat MW [@BP-361min] WF(3Y-2Y,U,NPAvgDD,PMx)",4,BP,361min,-,-,,,3 - Incubation,
185,Incubation,"DZS2024-11 BB - Range Expansion MW [@NG-1440min] WF(4Y-1Y,U,NPAvgDD,PMx)",1,NG,1440min,-,-,,,3 - Incubation,
186,Incubation,"DZS2024-11 Building Blocks - 3 Bar Close MW [@SI-685min] WF(4Y-2Y,U,NPAvgDD,PMx)",1,SI,685min,-,-,,,3 - Incubation,
187,Incubation,"DZS2024-11 Building Blocks - RSILG MW [@SF-300min] WF(4Y-1Y,U,NPAvgDD,PMx)",1,SF,300min,-,-,,,3 - Incubation,
188,Incubation,"DZS2024-11 ThreeDay Joe Pattern MW [@GC-180min] WF(2Y-6M,U,NPAvgDD,PMx)",1,GC,180min,-,-,,,3 - Incubation,
189,Incubation,"DZS2024-12 Building Blocks - Closing Pattern Only MW [@JY-300min] WF(4Y-6M,U,NPAvgDD,PMx)",4,JY,300min,-,-,,,3 - Incubation,
190,Incubation,"DZS2024-12 Club DAc 01 2406 MW [@NG-Daily] WF(4Y-2Y,U,NPAvgDD,PMx)",1,NG,Daily,-,-,,,3 - Incubation,
191,Incubation,"DZS2024-12 Club DWh 01 2406 MW [@S-460min] WF(4Y-6M,U,NPAvgDD,PMx)",3,S,460min,-,-,,,3 - Incubation,
192,Incubation,"DZS2024-12 Club DWh 01 2406 MW [@SI-900min] WF(3Y-1Y,U,NPAvgDD,PMx)",1,SI,900min,-,-,,,3 - Incubation,
193,Incubation,"DZS2024-12 Club PBr 01 2406 MW [@FDXM-900min] WF(4Y-6M,U,NPAvgDD,PMx)",1,FDXM,900min,-,-,,-,3 - Incubation,
194,Incubation,"DZS2024-12 Club PBr 01 2406 MW [@YM-1440min] WF(4Y-1Y,U,NPAvgDD,PMx)",1,YM,1440min,-,-,,,3 - Incubation,
195,Incubation,"DZS2024-12 Club RPl 01 2406 MW [@KW-300min+@KW-1440min] WF(3Y-6M,U,NPAvgDD,PMx)",4,KW,300min,-,-,,,3 - Incubation,
196,Incubation,"DZS2024-12 Club SPat 01 2406 MW [@ES.D-360min] WF(4Y-2Y,U,NPAvgDD,PMx)",1,ES,360min,-,-,,,3 - Incubation,
197,Incubation,"DZS2024-12 Club SPat 01 2406 MW [@GC-360min] WF(4Y-6M,U,NPAvgDD,PMx)",1,GC,360min,-,-,,,3 - Incubation,
198,Incubation,"DZS2024-12 Club SPat 01 2406 MW [@NQ-120min] WF(4Y-6M,U,NPAvgDD,PMx)",0.4,NQ,120min,-,-,,,3 - Incubation,
199,Incubation,"DZS2024-12 MJa Trigger MW [@CL-360min+@CL-1440min] WF(2Y-6M,U,NPAvgDD,PMx)",1,CL,360min,-,-,,,3 - Incubation,
200,Incubation,"DZS2024-12 Range Contraction MW [@US-1440min] WF(3Y-6M,U,NPAvgDD,PMx)",2,US,1440min,-,-,,,3 - Incubation,
201,Incubation,"DZS2025-01 Art Six Indicators MW [@NK-1440min] WF(3Y-1Y,U,NPAvgDD,PMx)",1,NK,1440min,-,-,,,3 - Incubation,
202,Incubation,"DZS2025-01 Long Term Mom Breakout MW [@FV-1440min] WF(4Y-6M,U,NPAvgDD,PMx)",8,FV,1440min,-,-,,,3 - Incubation,
203,Incubation,"DZS2025-01 Long Term Mom Breakout MW [@S-1440min] WF(4Y-6M,U,NPAvgDD,PMx)",3,S,1440min,-,-,,,3 - Incubation,
204,Incubation,"DZS2025-01 Mean Reverting CCI MW [@C-460min+@C-1440min] WF(4Y-1Y,U,NPAvgDD,PMx)",1,C,460min,-,-,,,3 - Incubation,
205,Incubation,"DZS2025-01 Mean Reverting CCI MW [@SF-460min+@SF-1440min] WF(4Y-2Y,U,NPAvgDD,PMx)",3,SF,460min,-,-,,,3 - Incubation,
206,Incubation,"DZS2025-01 Volatility and Momentum MW [@TU-Daily] WF(2Y-6M,U,NPAvgDD,PMx)",10,TU,Daily,-,-,,,3 - Incubation,
207,Incubation,"DZS2025-02 BB - 2 Period RSI MW [@RTY-1440min] WF(4Y-2Y,U,NPAvgDD,PMx)",1,RTY,1440min,-,-,,-,3 - Incubation,
208,Incubation,"DZS2025-02 BB - Sum 2 Period RSI MW [@EC-900min] WF(4Y-6M,U,NPAvgDD,PMx)",1,EC,900min,-,-,,-,3 - Incubation,
209,Incubation,"DZS2025-02 Bollinger Two Way MACDV MW [@PL-Daily] WF(4Y-6M,U,NPAvgDD,PMx)",1,PL,Daily,-,-,,-,3 - Incubation,
210,Incubation,"DZS2025-02 ID_Breakout_ASemetricFilter MW [@ES-45min+@ES-1440min] WF(3Y-6M,U,NPAvgDD,PMx)",1,ES,45min,-,-,,,3 - Incubation,
211,Incubation,"DZS2025-02 Month End Buy Dip MW [@ES-Daily] WF(4Y-1Y,U,NPAvgDD,PMx)",1,ES,Daily,-,-,,-,3 - Incubation,
212,Incubation,"DZS2025-02 Price Ratio Indicator Avg Filter MW [@US-1440min+@FV-1440min] WF(4Y-1Y,U,NPAvgDD,PMx)",1,US,1440min,-,-,,,3 - Incubation,
213,Incubation,"DZS2025-03 Badger MW [@EC-360min] WF(4Y-16M,U,NPAvgDD,PMx)",1,EC,360min,-,-,,-,3 - Incubation,
214,Incubation,"DZS2025-03 BB - Dueling Mom MW [@RR-460min] WF(4Y-1Y,U,NPAvgDD,PMx)",1,RR,460min,-,-,,-,3 - Incubation,
215,Incubation,"DZS2025-03 BB - MA Cross MW [@HO-900min] WF(3Y-1Y,U,NPAvgDD,PMx)",1,HO,900min,-,-,,-,3 - Incubation,
216,Incubation,"DZS2025-03 Breakout with Twist Exit MW [@CL-60min] WF(4Y-1Y,U,NPAvgDD,PMx)",1,CL,60min,-,-,,-,3 - Incubation,
217,Incubation,"DZS2025-03 Breakout with Twist Exit MW [@NK-42min] WF(4Y-6M,U,NPAvgDD,PMx)",1,NK,42min,-,-,,-,3 - Incubation,
218,Incubation,"DZS2025-03 Breakout with Twist Exit MW [@NQ.D-42min] WF(4Y-6M,U,NPAvgDD,PMx)",1,NQ,42min,-,-,,-,3 - Incubation,
219,Incubation,"DZS2025-03 Breitling MW [@CT-900min] WF(2Y-6M,U,NPAvgDD,PMx)",1,CT,900min,-,-,,-,3 - Incubation,
220,Incubation,"DZS2025-03 Club 2023-04 SGh MW [@S-1440min] WF(2Y-6M,U,NPAvgDD,PMx)",1,S,1440min,-,-,,-,3 - Incubation,
221,Incubation,"DZS2025-03 Helsinki MW [@CT-240min] WF(4Y-6M,U,NPAvgDD,PMx)",1,CT,240min,-,-,,-,3 - Incubation,
222,Incubation,"DZS2025-03 ID_Vol Breakouts MW [@KW-300min] WF(2Y-6M,U,NPAvgDD,PMx)",1,KW,300min,-,-,,-,3 - Incubation,
223,Incubation,"DZS2025-03 ID_Vol Breakouts MW [@NQ.D-65min] WF(4Y-6M,U,NPAvgDD,PMx)",1,NQ,65min,-,-,,-,3 - Incubation,
224,Incubation,"DZS2025-03 ID_Vol Breakouts MW [@W-120min] WF(2Y-6M,U,NPAvgDD,PMx)",1,W,120min,-,-,,-,3 - Incubation,
225,Incubation,"DZS2025-03 Long term Mom Mean Revert MW [@KW-360min] WF(4Y-6M,U,NPAvgDD,PMx)",1,KW,360min,-,-,,-,3 - Incubation,
226,Incubation,"DZS2025-03 Long term Mom Mean Revert MW [@PL-360min] WF(4Y-6M,U,NPAvgDD,PMx)",1,PL,360min,-,-,,-,3 - Incubation,
227,Incubation,"DZS2025-03 Long term Mom Mean Revert MW [@RR-360min] WF(3Y-6M,U,NPAvgDD,PMx)",1,RR,360min,-,-,,-,3 - Incubation,
228,Incubation,"DZS2025-03 Low Vol Trend MW [@LH-119min] WF(4Y-1Y,U,NPAvgDD,PMx)",1,LH,119min,-,-,,-,3 - Incubation,
229,Incubation,"DZS2025-03 Monday Breakout MW [@FGBL-900min] WF(4Y-1Y,U,NPAvgDD,PMx)",1,FGBL,900min,-,-,,-,3 - Incubation,
230,Incubation,"DZS2025-03 Peak March 25 Mean Reversion MW [@NG-60min] WF(4Y-2Y,U,NPAvgDD,PMx)",1,NG,60min,-,-,,-,3 - Incubation,
231,Incubation,"DZS2025-03 Simple Breakout MW [@JY-1440min] WF(4Y-2Y,U,NPAvgDD,PMx)",1,JY,1440min,-,-,,-,3 - Incubation,
232,Incubation,"DZS2025-03 Simple Breakout with Profit Protect MW [@CT-690min] WF(3Y-1Y,U,NPAvgDD,PMx)",1,CT,690min,-,-,,-,3 - Incubation,
233,Incubation,"DZS2025-03 Thursday Breakout MW [@SB-460min] WF(3Y-6M,U,NPAvgDD,PMx)",1,SB,460min,-,-,,-,3 - Incubation,
234,Incubation,"DZS2025-03 Volume Breakout MW [@CD-1440min] WF(4Y-16M,U,NPAvgDD,PMx)",1,CD,1440min,-,-,,-,3 - Incubation,
235,Incubation,"DZS2025-03 Wednesday Breakout MW [@LH-1440min] WF(3Y-6M,U,NPAvgDD,PMx)",1,LH,1440min,-,-,,-,3 - Incubation,
236,Incubation,"DZS2025-04 ADX Creep MW [@US-1440min] WF(4Y-6M,U,NPAvgDD,PMx)",1,US,1440min,-,-,,-,3 - Incubation,
237,Incubation,"DZS2025-04 BB - Low Vol Break MW [@EC-900min] WF(3Y-1Y,U,NPAvgDD,PMx)",1,EC,900min,-,-,,-,3 - Incubation,
238,Incubation,"DZS2025-04 BB - Pitter Patter Pattern MW [@SI-460min] WF(4Y-6M,U,NPAvgDD,PMx)",1,SI,460min,-,-,,-,1 - Passed Strategies,
239,Incubation,"DZS2025-04 BB - Pitter Pattern 2 MW [@RR-460min] WF(4Y-2Y,U,NPAvgDD,PMx)",1,RR,460min,-,-,,-,3 - Incubation,
240,Incubation,"DZS2025-04 BB - Pitter Pattern 2 MW [@VX-460min] WF(4Y-2Y,U,NPAvgDD,PMx)",1,VX,460min,-,-,,-,3 - Incubation,
241,Incubation,"DZS2025-04 Breakout with Twist Exit MW [@CL-33min] WF(4Y-16M,U,NPAvgDD,PMx)",1,CL,33min,-,-,,-,3 - Incubation,
242,Incubation,"DZS2025-04 Club 2023-04 FMa MW [@GC-1440min] WF(4Y-6M,U,NPAvgDD,PMx)",1,GC,1440min,-,-,,-,3 - Incubation,
243,Incubation,"DZS2025-04 Club 2023-11 DEd MW [@FGBL-685min] WF(4Y-6M,U,NPAvgDD,PMx)",1,FGBL,685min,-,-,,-,3 - Incubation,
244,Incubation,"DZS2025-04 Club 2023-11 FMA MW [@PL-1440min] WF(4Y-16M,U,NPAvgDD,PMx)",1,PL,1440min,-,-,,-,3 - Incubation,
245,Incubation,"DZS2025-04 Club 2024-10 AAF MW [@PL-300min] WF(4Y-1Y,U,NPAvgDD,PMx)",1,PL,300min,-,-,,-,3 - Incubation,
246,Incubation,"DZS2025-04 Club 2024-10 AAF MW [@RB-555min] WF(4Y-16M,U,NPAvgDD,PMx)",1,RB,555min,-,-,,-,3 - Incubation,
247,Incubation,"DZS2025-04 Club 2024-10 CNu MW [@KW-685min] WF(4Y-16M,U,NPAvgDD,PMx)",1,KW,685min,-,-,,-,3 - Incubation,
248,Incubation,"DZS2025-04 Club 2024-10 DAc MW [@RR-1440min] WF(2Y-6M,U,NPAvgDD,PMx)",1,RR,1440min,-,-,,-,3 - Incubation,
249,Incubation,"DZS2025-04 Smash Breakout MW [@FDXM-460min] WF(3Y-6M,U,NPAvgDD,PMx)",1,FDXM,460min,-,-,-,-,3 - Incubation,
250,Incubation,"DZS2025-04 Trade the VX MW [@VX-120min+@ES-120min] WF(3Y-1Y,U,NPAvgDD,PMx)",1,VX,120min,-,-,,-,3 - Incubation,
251,Incubation,"DZS2025-04 Trade the VX MW [@VX-1440min+@ES-1440min] WF(3Y-1Y,U,NPAvgDD,PMx)",1,VX,1440min,-,-,,-,3 - Incubation,
252,Incubation,"DZS2025-04 Two Bar Strength MW [@VX-1440min] WF(3Y-1Y,U,NPAvgDD,PMx)",1,VX,1440min,-,-,,-,3 - Incubation,
253,Incubation,"DZS2025-04 VX ES RSI MW [@VX-240min+@NQ-240min] WF(2Y-1Y,U,NPAvgDD,PMx)",1,VX,240min,-,-,,-,3 - Incubation,
254,Incubation,"DZS2025-04 VX ES RSI MW [@VX-240min+@YM-240min] WF(3Y-2Y,U,NPAvgDD,PMx)",1,VX,240min,-,-,,-,3 - Incubation,
255,Incubation,"DZS2025-04 Zarattini Breakout MW [@NQ-30min+@NQ-1440min] WF(2Y-5M,U,NPAvgDD,PMx)",1,NQ,30min,-,-,,-,3 - Incubation,
256,Incubation,"DZS2025-05 Club 2024-04 TSo MW [@S-185min] WF(4Y-11M,U,NPAvgDD,PMx)",1,S,185min,-,-,,-,3 - Incubation,
257,Incubation,"DZS2025-05 Club 2024-09 SSt MW [@DX-685min] WF(3Y-5M,U,NPAvgDD,PMx)",1,DX,685min,-,-,-,-,3 - Incubation,
258,Incubation,"DZS2025-05 Club 2024-09 SSt MW [@GC-1440min] WF(3Y-5M,U,NPAvgDD,PMx)",1,GC,1440min,-,-,-,-,3 - Incubation,
259,Incubation,"DZS2025-05 Club 2024-10 GBa MW [@RR-1440min] WF(3Y-1Y,U,NPAvgDD,PMx)",1,RR,1440min,-,-,-,-,3 - Incubation,
260,Incubation,"DZS2025-05 Club2022-10 Seasonals MW [@S-1440min] WF(3Y-1Y,U,NPAvgDD,PMx)",1,S,1440min,-,-,,-,3 - Incubation,
261,Incubation,"DZS2025-05 PEAK SOTM 202505 MW [@CC-1440min] WF(3Y-8M,U,NPAvgDD,PMx)",1,CC,1440min,-,-,-,-,3 - Incubation,
262,Incubation,"DZS2025-05 PivotX MW [@FDXM-360min] WF(2Y-8M,U,NPAvgDD,PMx)",1,FDXM,360min,-,-,-,-,3 - Incubation,
263,Incubation,"DZS2025-06 ATR Breakout Trend (Long Only) MW [@YM-90min+@YM-1440min+@US-1440min] WF(2Y-3M,U,NPAvgDD,PMx)",1,YM,90min,-,-,-,-,3 - Incubation,
264,Incubation,"DZS2025-06 BB - ATRBreakout MW [@PL-1440min] WF(4Y-11M,U,NPAvgDD,PMx)",1,PL,1440min,-,-,-,-,3 - Incubation,
265,Incubation,"DZS2025-07 AdaptiveCCISwing (Long Only) MW [@NQ.D-120min+@NQ.D-1440min] WF(3Y-5M,U,NPAvgDD,PMx)",1,NQ,120min,-,-,-,-,3 - Incubation,
266,Incubation,"DZS2025-07 AdaptiveCCISwing MW [@FDXM-240min+@FDXM-1440min] WF(2Y-5M,U,NPAvgDD,PMx)",1,FDXM,240min,-,-,-,-,3 - Incubation,
267,Incubation,"DZS2025-07 AdaptiveCCISwing MW [@NQ.D-120min+@NQ.D-1440min] WF(3Y-5M,U,NPAvgDD,PMx)",1,NQ,120min,-,-,-,-,3 - Incubation,
268,Incubation,"DZS2025-07 BB - ADX Ranker MW [@ES.D-120min] WF(3Y-5M,U,NPAvgDD,PMx)",1,ES,120min,-,-,-,-,3 - Incubation,
269,Incubation,"DZS2025-07 BB - ADX Ranker MW [@VX-685min] WF(4Y-11M,U,NPAvgDD,PMx)",1,VX,685min,-,-,-,-,3 - Incubation,
270,Incubation,"DZS2025-07 BB - Back in Style MW [@NQ-460min] WF(4Y-11M,U,NPAvgDD,PMx)",1,NQ,460min,-,-,-,-,3 - Incubation,
271,Incubation,"DZS2025-07 BB - BreakOut MW [@ES.D-240min] WF(2Y-8M,U,NPAvgDD,PMx)",1,ES,240min,-,-,-,-,3 - Incubation,
272,Incubation,"DZS2025-07 BB - BreakOut MW [@NQ-685min] WF(4Y-6M,U,NPAvgDD,PMx)",1,NQ,685min,-,-,-,-,3 - Incubation,
273,Incubation,"DZS2025-07 BB - ExpandContract MW [@NG-1259min] WF(3Y-5M,U,NPAvgDD,PMx)",1,NG,1259min,-,-,-,-,3 - Incubation,
274,Incubation,"DZS2025-07 BB - Nebula MW [@HG-1440min] WF(2Y-3M,U,NPAvgDD,PMx)",1,HG,1440min,-,-,-,-,3 - Incubation,
275,Incubation,"DZS2025-07 BB - Olympus MW [@ES.D-360min] WF(3Y-5M,U,NPAvgDD,PMx)",1,ES,360min,-,-,-,-,3 - Incubation,
276,Incubation,"DZS2025-07 BB - Olympus MW [@NQ-1259min] WF(3Y-1Y,U,NPAvgDD,PMx)",1,NQ,1259min,-,-,-,-,3 - Incubation,
277,Incubation,"DZS2025-07 ExpandContract MW [@BP-900min] WF(2Y-5M,U,NPAvgDD,PMx)",1,BP,900min,-,-,-,-,3 - Incubation,
278,Incubation,"DZS2025-07 Kikkake Pattern MW [@CL-460min] WF(3Y-1Y,U,NPAvgDD,PMx)",1,CL,460min,-,-,-,-,3 - Incubation,
279,Incubation,"DZS2025-07 Kikkake Pattern MW [@GC-460min] WF(3Y-1Y,U,NPAvgDD,PMx)",1,GC,460min,-,-,-,-,3 - Incubation,
280,Incubation,"DZS2025-07 Peak Pullback MW [@US-357min] WF(3Y-8M,U,NPAvgDD,PMx)",1,US,357min,-,-,-,-,3 - Incubation,
281,Incubation,"DZS2025-08 DWh Asy Breakout MW [@CL-900min] WF(2Y-3M,U,NPAvgDD,PMx)",1,CL,900min,-,-,-,-,3 - Incubation,
282,Incubation,"DZS2025-08 DWh Asy Breakout MW [@CT-900min] WF(2Y-8M,U,NPAvgDD,PMx)",1,CT,900min,-,-,-,-,3 - Incubation,
283,Incubation,"DZS2025-08 DWh Asy Breakout MW [@HO-900min] WF(2Y-8M,U,NPAvgDD,PMx)",1,HO,900min,-,-,-,-,3 - Incubation,
284,Incubation,"DZS2025-08 DWh Asy Breakout MW [@NG-300min] WF(3Y-8M,U,NPAvgDD,PMx)",1,NG,300min,-,-,-,-,3 - Incubation,
285,Incubation,"DZS2025-08 InsideRangeTrigger MW [@CT-900min] WF(2Y-3M,U,NPAvgDD,PMx)",1,CT,900min,-,-,-,-,3 - Incubation,
286,Incubation,"DZS2025-08 InsideRangeTrigger MW [@GC-900min] WF(4Y-11M,U,NPAvgDD,PMx)",1,GC,900min,-,-,-,-,3 - Incubation,
287,Incubation,"DZS2025-08 InsideRangeTrigger MW [@SI-900min] WF(3Y-5M,U,NPAvgDD,PMx)",1,SI,900min,-,-,-,-,3 - Incubation,
288,Incubation,"DZS2025-08 Range Breakout MW [@SI-60min] WF(4Y-6M,U,NPAvgDD,PMx)",1,SI,60min,-,-,-,-,3 - Incubation,
289,Incubation,"DZS2025-08 Vol Pivot MW [@ES.D-240min] WF(3Y-1Y,U,NPAvgDD,PMx)",1,ES,240min,-,-,-,-,3 - Incubation,
290,Incubation,"DZS2025-08 Vol Pivot MW [@US-1000min] WF(4Y-6M,U,NPAvgDD,PMx)",1,US,1000min,-,-,-,-,3 - Incubation,
291,Incubation,"DZS2025-09 CalendarDayStrat MW [@US-1440min] WF(2Y-8M,U,NPAvgDD,PMx)",1,US,1440min,-,-,-,-,3 - Incubation,
292,Incubation,"DZS2025-09 ExtremeVolFlow MW [@BP-1440min] WF(3Y-5M,U,NPAvgDD,PMx)",1,BP,1440min,-,-,-,-,3 - Incubation,
293,Incubation,"DZS2025-09 LowADXBreakout MW [@LH-240min] WF(3Y-8M,U,NPAvgDD,PMx)",1,LH,240min,-,-,-,-,3 - Incubation,
294,Incubation,"DZS2025-09 LowADXBreakout MW [@NG-120min] WF(4Y-11M,U,NPAvgDD,PMx)",1,NG,120min,-,-,-,-,3 - Incubation,
295,Incubation,"DZS2025-09 Pivot Breakout Long Only MW [@NQ.D-1440min] WF(2Y-5M,U,NPAvgDD,PMx)",1,NQ,1440min,-,-,-,-,3 - Incubation,
296,Incubation,"DZS2025-09 RSI Breakout MW [@HO-240min] WF(3Y-5M,U,NPAvgDD,PMx)",1,HO,240min,-,-,-,-,3 - Incubation,
297,Incubation,"DZS2025-09 SplitMonthPattern MW [@NG-1200min] WF(4Y-11M,U,NPAvgDD,PMx)",1,NG,1200min,-,-,-,-,3 - Incubation,
298,Incubation,"DZS2025-09 Trend Pullback MW [@ES-120min] WF(4Y-6M,U,NPAvgDD,PMx)",1,ES,120min,-,-,-,-,3 - Incubation,
299,Incubation,"DZS2025-09 VolatilityTrendBreak MW [@FV-1440min] WF(3Y-1Y,U,NPAvgDD,PMx)",1,FV,1440min,-,-,-,-,3 - Incubation,
300,Incubation,"KJD2021-04 Beyond 08 MW [@ES-Daily] WF(126-126,U,NP,PMx)",1,ES,Daily,-,-,,,3 - Incubation,
301,Incubation,"KJD2024-03 BigMO MW [@SF-1440min] WF(4Y-1Y,U,NPAvgDD,PMx)",3,SF,1440min,-,-,,,3 - Incubation,
302,Retired,"DZS2023-12 Reverse MCAD with StopLoss MW [@NQ-120min] WF(1Y-1Y,U,NPAvgDD,PMx)",0.3,NQ,120min,Mean Reversion,-,,,1 - Passed Strategies,This strategy utilizes MACD (Moving Average Convergence Divergence) combined with Bollinger Bands to identify potential overbought and oversold conditions. The MACD is calculated and then evaluated against Bollinger Bands to determine trade entries. A volume and ADX filter ensures trades occur only when volatility is relatively low. The system includes profit-taking and stop-loss mechanisms to control risk.
303,Retired,"DZS2024-03 MACD Linear Reg v2 MW [@NQ-60min] WF(3Y-6M,U,NPAvgDD,PMx)",0.4,NQ,60min,-,-,,,4 - Failed,
304,Retired,"DZS2024-09 NewBigMo MW [@KC-301min+@KC-1440min] WF(3Y-2Y,U,NPAvgDD,PMx)",1,KC,301min,-,-,,,1 - Passed Strategies,
305,Retired,"DZS2024-09 Yesterday Range Breakout MW [@ES-Daily] WF(3Y-1Y,U,NPAvgDD,PMx)",0.6,ES,Daily,Breakout,Short,,,4 - Failed,This strategy is a range breakout system that uses the past three days' ranges to determine a potential continuation or reversal setup. This strategy is a momentum-driven breakout system that seeks to capitalize on expanding volatility when ranges have been consistently increasing over the past three days. It assumes that a breakout from the previous day�s open price (+/- a fraction of range) will lead to a strong move.
306,Retired,"DZS2024-11 BB - Range Expansion MW [@PL-900min] WF(4Y-1Y,U,NPAvgDD,PMx)",2,PL,900min,-,-,,,1 - Passed Strategies,
307,Retired,"MultiWalk HG Strategy (MW) [@HG-30min] WF(504-256,U,NPAvgDD,PMx)",1,HG,30min,-,-,,,4 - Failed,
308,Failed Incubation,"ArtCollins2024-01 Enter On Close Fade MW [@NQ-1440min] WF(3Y-6M,U,NPAvgDD,PMx)",0.4,NQ,1440min,-,-,,,4 - Failed,
309,Failed Incubation,"ArtCollins2024-01 The Evening Gap System MW [@HG-360min] WF(3Y-6M,U,NPAvgDD,PMx)",1,HG,360min,-,-,,,4 - Failed,
310,Failed Incubation,"ArtCollins2024-03 Three Cal Indicators Agree MW [@ES-1440min] WF(2Y-1Y,U,NPAvgDD,PMx)",1,ES,1440min,-,-,,,4 - Failed,
311,Failed Incubation,"DZS2023-12 Reverse MCAD MW2 [@CL-60min] WF(2Y-6M,U,NPAvgDD,PMx)",1,CL,60min,-,-,,,3 - Incubation,
312,Failed Incubation,"DZS2023-12 Three Amigos SI 360 MW [@SI-360min] WF(3Y-1Y,U,NPAvgDD,PMx)",1,SI,360min,-,-,,,4 - Failed,
313,Failed Incubation,"DZS2024-01 Breakout with AFT Trend Filter MW [@BO-59min] WF(2Y-6M,U,NPAvgDD,PMx)",4,BO,59min,-,-,,,4 - Failed,
314,Failed Incubation,"DZS2024-01 Buy the Dip MW [@ES-1440min] WF(2Y-1Y,U,NPAvgDD,PMx)",1,ES,1440min,-,-,,,4 - Failed,
315,Failed Incubation,"DZS2024-01 Buy the Dip MW [@NQ-1440min] WF(2Y-1Y,U,NPAvgDD,PMx)",0.4,NQ,1440min,-,-,,,3 - Incubation,
316,Failed Incubation,"DZS2024-02 52 Book Entry 10 v2 MW [@CL-179min] WF(2Y-1Y,U,NPAvgDD,PMx)",1,CL,179min,-,-,,,4 - Failed,
317,Failed Incubation,"DZS2024-02 52 Book Entry 10 v2 MW [@PL-719min] WF(3Y-6M,U,NPAvgDD,PMx)",2,PL,719min,-,-,,,4 - Failed,
318,Failed Incubation,"DZS2024-02 Superman by Roman W [@CT-240min] WF(3Y-1Y,U,NPAvgDD,PMx)",5,CT,240min,-,-,,,4 - Failed,
319,Failed Incubation,"DZS2024-03 Entry as Exit MW [@PL-120min] WF(3Y-2Y,U,NPAvgDD,PMx)",2,PL,120min,-,-,,,4 - Failed,
320,Failed Incubation,"DZS2024-04 Moving Average Mean Reversion MW [@DX-719min] WF(3Y-6M,U,NPAvgDD,PMx)",4,DX,719min,-,-,,,1 - Passed Strategies,
321,Failed Incubation,"DZS2024-05 100MA Daily Rejection Breakout MW [@HO-240min] WF(3Y-1Y,U,NPAvgDD,PMx)",1,HO,240min,-,-,,,4 - Failed,
322,Failed Incubation,"DZS2024-05 Alligator Trend Following MW [@HO-360min] WF(3Y-6M,U,NPAvgDD,PMx)",1,HO,360min,-,-,,,4 - Failed,
323,Failed Incubation,"DZS2024-05 Index AD Divergance MW [@NQ.D-120min+$ADNDD-120min] WF(2Y-6M,U,NPAvgDD,PMx)",0.4,NQ,120min,-,-,,,3 - Incubation,
324,Failed Incubation,"DZS2024-05 Index AD Divergance MW [@NQ-1440min+$%50DMAAND-1440min] WF(3Y-2Y,U,NPAvgDD,PMx)",0.4,NQ,1440min,-,-,,,4 - Failed,
325,Failed Incubation,"DZS2024-06 Turn-of-the-month Crypto MW [@ETH-60min] WF(1Y-6M,U,NPAvgDD,PMx)",#N/A,ETH,60min,-,-,,,4 - Failed,
326,Failed Incubation,"DZS2024-07 Turtle Strategy MW [@SI-720min] WF(2Y-1Y,U,NPAvgDD,PMx)",1,SI,720min,-,-,,,4 - Failed,
327,Failed Incubation,"DZS2024-08 Breakout Trend following MW [@HG-1440min+@HG-1440min] WF(3Y-6M,U,NPAvgDD,PMx)",1,HG,1440min,-,-,,,3 - Incubation,
328,Failed Incubation,"DZS2024-08 Breakout with Twist MW [@CL-59min] WF(1Y-6M,U,NPAvgDD,PMx)",1,CL,59min,-,-,,,3 - Incubation,
329,Failed Incubation,"DZS2024-08 Mean Reversion Band MW [@ES-360min+@VX-1440min] WF(3Y-2Y,U,NPAvgDD,PMx)",1,ES,360min,-,-,,,3 - Incubation,
330,Failed Incubation,"DZS2024-09 Go With Trend on Low Vol MW [@BO-1440min] WF(3Y-1Y,U,NPAvgDD,PMx)",4,BO,1440min,-,-,,,4 - Failed,
331,Failed Incubation,"DZS2024-10 Triangle Breakout MW [@SI-610min] WF(1Y-6M,U,NPAvgDD,PMx)",1,SI,610min,-,-,,,3 - Incubation,
332,Failed Incubation,"DZS2024-11 BB - Range Expansion MW [@DX-690min] WF(4Y-6M,U,NPAvgDD,PMx)",4,DX,690min,-,-,,,3 - Incubation,
333,Failed Incubation,"DZS2024-11 BB - Range Expansion MW [@FV-690min] WF(2Y-6M,U,NPAvgDD,PMx)",8,FV,690min,-,-,,,3 - Incubation,
334,Failed Incubation,"DZS2024-11 BB - Range Expansion MW [@TY-900min] WF(4Y-6M,U,NPAvgDD,PMx)",5,TY,900min,-,-,,,3 - Incubation,
335,Failed Incubation,"DZS2024-11 Building Blocks - Pitter Patter Pattern MW [@NG-685min] WF(4Y-2Y,U,NPAvgDD,PMx)",1,NG,685min,-,-,,,3 - Incubation,
336,Failed Incubation,"DZS2024-12 BigMo203 MW [@SF-1440min] WF(4Y-2Y,U,NPAvgDD,PMx)",3,SF,1440min,-,-,,,3 - Incubation,
337,Failed Incubation,"DZS2024-12 Club SPat 01 2406 MW [@ES.D-120min] WF(4Y-6M,U,NPAvgDD,PMx)",1,ES,120min,-,-,,,3 - Incubation,
338,Failed Incubation,"DZS2024-12 MJa Trigger MW [@NQ-240min+@NQ-1440min] WF(4Y-1Y,U,NPAvgDD,PMx)",0.4,NQ,240min,-,-,,,3 - Incubation,
339,Failed Incubation,"DZS2025-01 Art Six Indicators MW [@US-1440min] WF(4Y-2Y,U,NPAvgDD,PMx)",2,US,1440min,-,-,,,3 - Incubation,
340,Failed Incubation,"DZS2025-01 BB - Contracting Ranges MW [@HG-460min] WF(3Y-1Y,U,NPAvgDD,PMx)",1,HG,460min,-,-,,,3 - Incubation,
341,Failed Incubation,"DZS2025-01 BB - Entry 22 ASYMMETRIC AGAIN MW [@NQ.D-300min] WF(4Y-6M,U,NPAvgDD,PMx)",0.4,NQ,300min,-,-,,,3 - Incubation,
342,Failed Incubation,"DZS2025-01 Mean Reverting Entry as Exit MW [@NQ.D-1440min] WF(4Y-6M,U,NPAvgDD,PMx)",0.4,NQ,1440min,-,-,,,3 - Incubation,
343,Failed Incubation,"DZS2025-02 BB - 2 Period RSI MW [@HG-Daily] WF(4Y-6M,U,NPAvgDD,PMx)",1,HG,Daily,-,-,,-,3 - Incubation,
344,Failed Incubation,"DZS2025-02 BB - 2 Period RSI MW [@NQ.D-Daily] WF(3Y-1Y,U,NPAvgDD,PMx)",1,NQ,Daily,-,-,,-,3 - Incubation,
345,Failed Incubation,"DZS2025-02 Better Breakout VolRange Long Only MW [@NQ-5min+@NQ-1440min] WF(4Y-2Y,U,NPAvgDD,PMx)",0.4,NQ,5min,-,-,,,3 - Incubation,
346,Failed Incubation,"DZS2025-02 ID Entry 34 MW [@NG-90min+@NG-240min] WF(4Y-6M,U,NPAvgDD,PMx)",1,NG,90min,-,-,,-,3 - Incubation,
347,Failed Incubation,"DZS2025-02 ID_Breakout_ASemetricFilter MW [@NQ-23min+@NQ-1440min] WF(3Y-6M,U,NPAvgDD,PMx)",0.4,NQ,23min,-,-,,,3 - Incubation,
348,Failed Incubation,"DZS2025-03 BB - Dueling Mom MW [@SF-460min] WF(4Y-1Y,U,NPAvgDD,PMx)",1,SF,460min,-,-,,-,3 - Incubation,
349,Failed Incubation,"DZS2025-03 BB - MA Cross MW [@BO-240min] WF(4Y-6M,U,NPAvgDD,PMx)",1,BO,240min,-,-,,-,3 - Incubation,
350,Failed Incubation,"DZS2025-03 BB - Volatility Breakout MW [@NK-300min] WF(4Y-1Y,U,NPAvgDD,PMx)",1,NK,300min,-,-,,-,3 - Incubation,
351,Failed Incubation,"DZS2025-03 BB - Volatility Breakout MW [@US-360min] WF(3Y-6M,U,NPAvgDD,PMx)",1,US,360min,-,-,,-,3 - Incubation,
352,Failed Incubation,"DZS2025-03 BB RSI Trigger MW [@SF-1440min] WF(3Y-1Y,U,NPAvgDD,PMx)",1,SF,1440min,-,-,,-,3 - Incubation,
353,Failed Incubation,"DZS2025-03 Breakout with Twist Exit MW [@YM-60min] WF(4Y-1Y,U,NPAvgDD,PMx)",1,YM,60min,-,-,,-,3 - Incubation,
354,Failed Incubation,"DZS2025-03 Club 2023-04 SGh MW [@CT-1440min] WF(3Y-6M,U,NPAvgDD,PMx)",1,CT,1440min,-,-,,-,3 - Incubation,
355,Failed Incubation,"DZS2025-03 Daily Angle Strategy 2 MW [@CC-1440min] WF(4Y-6M,U,NPAvgDD,PMx)",1,CC,1440min,-,-,,-,3 - Incubation,
356,Failed Incubation,"DZS2025-03 ID_Vol Breakouts MW [@NQ-219min] WF(4Y-6M,U,NPAvgDD,PMx)",1,NQ,219min,-,-,,-,3 - Incubation,
357,Failed Incubation,"DZS2025-03 ID_Vol Breakouts MW [@NQ-65min] WF(4Y-6M,U,NPAvgDD,PMx)",1,NQ,65min,-,-,,-,3 - Incubation,
358,Failed Incubation,"DZS2025-03 Simple Breakout with Profit Protect MW [@SI-690min] WF(3Y-1Y,U,NPAvgDD,PMx)",1,SI,690min,-,-,,-,3 - Incubation,
359,Failed Incubation,"DZS2025-04 Club 2022-10 DWh MW [@CC-1440min] WF(3Y-1Y,U,NPAvgDD,PMx)",1,CC,1440min,-,-,,-,3 - Incubation,
360,Failed Incubation,"DZS2025-04 Club 2023-04 JDe MW [@CC-1440min] WF(3Y-1Y,U,NPAvgDD,PMx)",1,CC,1440min,-,-,,-,3 - Incubation,
361,Failed Incubation,"KJD2019-02 Club CJ 01 MW [@CC-239min] WF(504-252,U,NPAvgDD,PMx)",1,CC,239min,-,-,,,4 - Failed,
362,Superceded,"DZS2024-02 52 Book Entry 10 W [@KC-63min] WF(3Y-6M,U,NPAvgDD,PMx)",1,KC,63min,-,-,,,1 - Passed Strategies,
363,Superceded,"DZS2024-06 Breakout Buildup Range E1 MW [@S-240min] WF(3Y-6M,U,NPAvgDD,PMx)",3,S,240min,-,-,,,3 - Incubation,
364,Superceded,"DZS2024-10 Highs and Lows Reverse S&L MW [@BO-610min] WF(3Y-6M,U,NPAvgDD,PMx)",4,BO,610min,-,-,,,3 - Incubation,
365,Superceded,"DZS2024-10 TD Line Penetration MW [@SI-720min] WF(3Y-1Y,U,NPAvgDD,PMx)",1,SI,720min,-,-,,,3 - Incubation,
366,Superceded,"DZS2024-11 Building Blocks - Low Vol Break MW [@PL-900min] WF(4Y-2Y,U,NPAvgDD,PMx)",1,PL,900min,Mean Reversion,Medium,,,1 - Passed Strategies,"This strategy is designed for mean-reversion traders who seek to exploit short-term volatility compression and breakouts in quiet markets. The combination of regime filtering and adjustable exit mechanisms allows flexibility across multiple market conditions. However, performance may be sensitive to ATR-based stop settings, and reliance on a profit-based exit may limit gains in strong trends. It is best suited for range-bound instruments with cyclical volatility patterns"
367,Superceded,"DZS2024-12 BB - Pitter Pattern 2 MW [@JY-360min] WF(4Y-2Y,U,NPAvgDD,PMx)",3,JY,360min,-,-,,,3 - Incubation,
368,Superceded,"DZS2024-12 BB - Pitter Pattern 2 MW [@RR-460min] WF(4Y-2Y,U,NPAvgDD,PMx)",7,RR,460min,-,-,,,3 - Incubation,
369,Superceded,"DZS2024-12 BB - Pitter Pattern 2 MW [@US-300min] WF(4Y-2Y,U,NPAvgDD,PMx)",3,US,300min,Mean Reversion,Medium,,,3 - Incubation,"The Pitter Pattern 2 strategy is a reversal system that relies on price structure and pattern recognition rather than traditional indicators. By analyzing specific price formations, it seeks to capture momentum shifts efficiently. The use of ATR-based stops and profit targets ensures adaptability to market volatility. This strategy is particularly useful in range-bound and mean-reverting environments."
370,Superceded,"DZS2024-12 BB - Pitter Pattern 2 MW [@VX-460min] WF(4Y-2Y,U,NPAvgDD,PMx)",1,VX,460min,-,-,,,3 - Incubation,
371,Superceded,"DZS2024-12 BB - Quick Pullback Pattern MW [@ES.D-240min] WF(4Y-6M,U,NPAvgDD,PMx)",1,ES,240min,-,-,,,3 - Incubation,
372,Superceded,"DZS2024-12 BB - Quick Pullback Pattern MW [@NQ.D-240min] WF(4Y-6M,U,NPAvgDD,PMx)",0.4,NQ,240min,-,-,,,3 - Incubation,
373,Superceded,"DZS2024-12 BB - Quick Pullback Pattern MW [@PL-460min] WF(4Y-6M,U,NPAvgDD,PMx)",2,PL,460min,-,-,,,3 - Incubation,
374,Superceded,"DZS2024-12 BB - Quick Pullback Pattern MW [@W-900min] WF(4Y-6M,U,NPAvgDD,PMx)",5,W,900min,-,-,,,3 - Incubation,
375,Superceded,"DZS2025-07 Olumpus MW [@S-1440min] WF(3Y-5M,U,NPAvgDD,PMx)",2,S,1440min,-,-,-,-,3 - Incubation,
376,New,"DZS2024-03 2barNR and ORB - E3 MW [@CL-15min+@CL-1440min] WF(2Y-6M,U,NPAvgDD,PMx)",1,CL,15min,-,-,-,-,3 - Incubation,
377,New,"DZS2025-11 InsideBarRangeBreak MW [@S-1440min] WF(2Y-5M,U,NPAvgDD,PMx)",1,S,1440min,-,-,-,-,3 - Incubation,
378,New,"DZS2025-11 ManualADXBreakout MW [@NQ-460min] WF(2Y-5M,U,NPAvgDD,PMx)",1,NQ,460min,-,-,-,-,3 - Incubation,
379,New,"DZS2025-11 ManualADXBreakout MW [@SI-480min] WF(2Y-8M,U,NPAvgDD,PMx)",1,SI,480min,-,-,-,-,3 - Incubation,
380,New,"DZS2025-11 TrendCCIMA MW [@KW-300min] WF(3Y-8M,U,NPAvgDD,PMx)",1,KW,300min,-,-,-,-,3 - Incubation,
381,Buy and Hold,"_Buy_and_Hold_MW [@AD-1440min] WF(AD-AD,A,NP,PMx,OptOnly-1)",1,AD,1440min,-,-,,,6 - Buy and Hold,
382,Buy and Hold,"_Buy_and_Hold_MW [@BO-1440min] WF(AD-AD,A,NP,PMx,OptOnly-1)",1,BO,1440min,-,-,,,6 - Buy and Hold,
383,Buy and Hold,"_Buy_and_Hold_MW [@BP-1440min] WF(AD-AD,A,NP,PMx,OptOnly-1)",1,BP,1440min,-,-,,,6 - Buy and Hold,
384,Buy and Hold,"_Buy_and_Hold_MW [@C-1440min] WF(AD-AD,A,NP,PMx,OptOnly-1)",1,C,1440min,-,-,,,6 - Buy and Hold,
385,Buy and Hold,"_Buy_and_Hold_MW [@CC-1440min] WF(AD-AD,A,NP,PMx,OptOnly-1)",1,CC,1440min,-,-,,,6 - Buy and Hold,
386,Buy and Hold,"_Buy_and_Hold_MW [@CD-1440min] WF(AD-AD,A,NP,PMx,OptOnly-1)",1,CD,1440min,-,-,,,6 - Buy and Hold,
387,Buy and Hold,"_Buy_and_Hold_MW [@CL-1440min] WF(AD-AD,A,NP,PMx,OptOnly-1)",1,CL,1440min,-,-,,,6 - Buy and Hold,
388,Buy and Hold,"_Buy_and_Hold_MW [@CT-1440min] WF(AD-AD,A,NP,PMx,OptOnly-1)",1,CT,1440min,-,-,,,6 - Buy and Hold,
389,Buy and Hold,"_Buy_and_Hold_MW [@DX-1440min] WF(AD-AD,A,NP,PMx,OptOnly-1)",1,DX,1440min,-,-,,,6 - Buy and Hold,
390,Buy and Hold,"_Buy_and_Hold_MW [@EC-1440min] WF(AD-AD,A,NP,PMx,OptOnly-1)",1,EC,1440min,-,-,,,6 - Buy and Hold,
391,Buy and Hold,"_Buy_and_Hold_MW [@ES.D-1440min] WF(AD-AD,A,NP,PMx,OptOnly-1)",1,ES,1440min,-,-,,,6 - Buy and Hold,
392,Buy and Hold,"_Buy_and_Hold_MW [@ES-1440min] WF(AD-AD,A,NP,PMx,OptOnly-1)",1,ES,1440min,-,-,,,6 - Buy and Hold,
393,Buy and Hold,"_Buy_and_Hold_MW [@FC-1440min] WF(AD-AD,A,NP,PMx,OptOnly-1)",1,FC,1440min,-,-,,,6 - Buy and Hold,
394,Buy and Hold,"_Buy_and_Hold_MW [@FDXM-1440min] WF(AD-AD,A,NP,PMx,OptOnly-1)",1,FDXM,1440min,-,-,,-,6 - Buy and Hold,
395,Buy and Hold,"_Buy_and_Hold_MW [@FESX-1440min] WF(AD-AD,A,NP,PMx,OptOnly-1)",1,FESX,1440min,-,-,,-,6 - Buy and Hold,
396,Buy and Hold,"_Buy_and_Hold_MW [@FGBL-1440min] WF(AD-AD,A,NP,PMx,OptOnly-1)",1,FGBL,1440min,-,-,,-,6 - Buy and Hold,
397,Buy and Hold,"_Buy_and_Hold_MW [@FGBM-1440min] WF(AD-AD,A,NP,PMx,OptOnly-1)",1,FGBM,1440min,-,-,,-,6 - Buy and Hold,
398,Buy and Hold,"_Buy_and_Hold_MW [@FGBS-1440min] WF(AD-AD,A,NP,PMx,OptOnly-1)",1,FGBS,1440min,-,-,,-,6 - Buy and Hold,
399,Buy and Hold,"_Buy_and_Hold_MW [@FV-1440min] WF(AD-AD,A,NP,PMx,OptOnly-1)",1,FV,1440min,-,-,,,6 - Buy and Hold,
400,Buy and Hold,"_Buy_and_Hold_MW [@GC-1440min] WF(AD-AD,A,NP,PMx,OptOnly-1)",1,GC,1440min,-,-,,,6 - Buy and Hold,
401,Buy and Hold,"_Buy_and_Hold_MW [@HG-1440min] WF(AD-AD,A,NP,PMx,OptOnly-1)",1,HG,1440min,-,-,,,6 - Buy and Hold,
402,Buy and Hold,"_Buy_and_Hold_MW [@HO-1440min] WF(AD-AD,A,NP,PMx,OptOnly-1)",1,HO,1440min,-,-,,,6 - Buy and Hold,
403,Buy and Hold,"_Buy_and_Hold_MW [@JY-1440min] WF(AD-AD,A,NP,PMx,OptOnly-1)",1,JY,1440min,-,-,,,6 - Buy and Hold,
404,Buy and Hold,"_Buy_and_Hold_MW [@KC-1440min] WF(AD-AD,A,NP,PMx,OptOnly-1)",1,KC,1440min,-,-,,,6 - Buy and Hold,
405,Buy and Hold,"_Buy_and_Hold_MW [@KW-1440min] WF(AD-AD,A,NP,PMx,OptOnly-1)",1,KW,1440min,-,-,,,6 - Buy and Hold,
406,Buy and Hold,"_Buy_and_Hold_MW [@LC-1440min] WF(AD-AD,A,NP,PMx,OptOnly-1)",1,LC,1440min,-,-,,,6 - Buy and Hold,
407,Buy and Hold,"_Buy_and_Hold_MW [@LH-1440min] WF(AD-AD,A,NP,PMx,OptOnly-1)",1,LH,1440min,-,-,,,6 - Buy and Hold,
408,Buy and Hold,"_Buy_and_Hold_MW [@MP1-1440min] WF(AD-AD,A,NP,PMx,OptOnly-1)",1,MP1,1440min,-,-,,,6 - Buy and Hold,
409,Buy and Hold,"_Buy_and_Hold_MW [@NE1-1440min] WF(AD-AD,A,NP,PMx,OptOnly-1)",1,NE1,1440min,-,-,,,6 - Buy and Hold,
410,Buy and Hold,"_Buy_and_Hold_MW [@NG-1440min] WF(AD-AD,A,NP,PMx,OptOnly-1)",1,NG,1440min,-,-,,,6 - Buy and Hold,
411,Buy and Hold,"_Buy_and_Hold_MW [@NK-1440min] WF(AD-AD,A,NP,PMx,OptOnly-1)",1,NK,1440min,-,-,,,6 - Buy and Hold,
412,Buy and Hold,"_Buy_and_Hold_MW [@NQ.D-1440min] WF(AD-AD,A,NP,PMx,OptOnly-1)",1,NQ,1440min,-,-,,,6 - Buy and Hold,
413,Buy and Hold,"_Buy_and_Hold_MW [@NQ-1440min] WF(AD-AD,A,NP,PMx,OptOnly-1)",1,NQ,1440min,-,-,,,6 - Buy and Hold,
414,Buy and Hold,"_Buy_and_Hold_MW [@O-1440min] WF(AD-AD,A,NP,PMx,OptOnly-1)",1,O,1440min,-,-,,,6 - Buy and Hold,
415,Buy and Hold,"_Buy_and_Hold_MW [@OJ-1440min] WF(AD-AD,A,NP,PMx,OptOnly-1)",1,OJ,1440min,-,-,,,6 - Buy and Hold,
416,Buy and Hold,"_Buy_and_Hold_MW [@PL-1440min] WF(AD-AD,A,NP,PMx,OptOnly-1)",1,PL,1440min,-,-,,,6 - Buy and Hold,
417,Buy and Hold,"_Buy_and_Hold_MW [@RB-1440min] WF(AD-AD,A,NP,PMx,OptOnly-1)",1,RB,1440min,-,-,,,6 - Buy and Hold,
418,Buy and Hold,"_Buy_and_Hold_MW [@RR-1440min] WF(AD-AD,A,NP,PMx,OptOnly-1)",1,RR,1440min,-,-,,,6 - Buy and Hold,
419,Buy and Hold,"_Buy_and_Hold_MW [@RTY-1440min] WF(AD-AD,A,NP,PMx,OptOnly-1)",1,RTY,1440min,-,-,,,6 - Buy and Hold,
420,Buy and Hold,"_Buy_and_Hold_MW [@S-1440min] WF(AD-AD,A,NP,PMx,OptOnly-1)",1,S,1440min,-,-,,,6 - Buy and Hold,
421,Buy and Hold,"_Buy_and_Hold_MW [@SB-1440min] WF(AD-AD,A,NP,PMx,OptOnly-1)",1,SB,1440min,-,-,,,6 - Buy and Hold,
422,Buy and Hold,"_Buy_and_Hold_MW [@SF-1440min] WF(AD-AD,A,NP,PMx,OptOnly-1)",1,SF,1440min,-,-,,,6 - Buy and Hold,
423,Buy and Hold,"_Buy_and_Hold_MW [@SI-1440min] WF(AD-AD,A,NP,PMx,OptOnly-1)",1,SI,1440min,-,-,,,6 - Buy and Hold,
424,Buy and Hold,"_Buy_and_Hold_MW [@SM-1440min] WF(AD-AD,A,NP,PMx,OptOnly-1)",1,SM,1440min,-,-,,,6 - Buy and Hold,
425,Buy and Hold,"_Buy_and_Hold_MW [@TU-1440min] WF(AD-AD,A,NP,PMx,OptOnly-1)",1,TU,1440min,-,-,,,6 - Buy and Hold,
426,Buy and Hold,"_Buy_and_Hold_MW [@TY-1440min] WF(AD-AD,A,NP,PMx,OptOnly-1)",1,TY,1440min,-,-,,,6 - Buy and Hold,
427,Buy and Hold,"_Buy_and_Hold_MW [@US-1440min] WF(AD-AD,A,NP,PMx,OptOnly-1)",1,US,1440min,-,-,,,6 - Buy and Hold,
428,Buy and Hold,"_Buy_and_Hold_MW [@VX-1440min] WF(AD-AD,A,NP,PMx,OptOnly-1)",1,VX,1440min,-,-,,,6 - Buy and Hold,
429,Buy and Hold,"_Buy_and_Hold_MW [@W-1440min] WF(AD-AD,A,NP,PMx,OptOnly-1)",1,W,1440min,-,-,,,6 - Buy and Hold,
430,Buy and Hold,"_Buy_and_Hold_MW [@YM-1440min] WF(AD-AD,A,NP,PMx,OptOnly-1)",1,YM,1440min,-,-,,,6 - Buy and Hold,
